onnx/AllInOne_10_10.onnx,vnnlib/prop_10_10.vnnlib,900
onnx/AllInOne_10_10.onnx,vnnlib/prop_10_10_0.vnnlib,900
onnx/AllInOne_10_10.onnx,vnnlib/prop_10_10_1.vnnlib,900
onnx/AllInOne_10_10.onnx,vnnlib/prop_10_10_2.vnnlib,900
onnx/AllInOne_10_10.onnx,vnnlib/prop_10_10_3.vnnlib,900
onnx/AllInOne_10_10.onnx,vnnlib/prop_10_10_4.vnnlib,900
onnx/AllInOne_30_30.onnx,vnnlib/prop_30_30.vnnlib,900
onnx/AllInOne_30_30.onnx,vnnlib/prop_30_30_0.vnnlib,900
onnx/AllInOne_30_30.onnx,vnnlib/prop_30_30_1.vnnlib,900
onnx/AllInOne_30_30.onnx,vnnlib/prop_30_30_2.vnnlib,900
onnx/AllInOne_30_30.onnx,vnnlib/prop_30_30_3.vnnlib,900
onnx/AllInOne_30_30.onnx,vnnlib/prop_30_30_4.vnnlib,900
onnx/AllInOne_30_80.onnx,vnnlib/prop_30_80.vnnlib,900
onnx/AllInOne_30_80.onnx,vnnlib/prop_30_80_0.vnnlib,900
onnx/AllInOne_30_80.onnx,vnnlib/prop_30_80_1.vnnlib,900
onnx/AllInOne_30_80.onnx,vnnlib/prop_30_80_2.vnnlib,900
onnx/AllInOne_30_80.onnx,vnnlib/prop_30_80_3.vnnlib,900
onnx/AllInOne_30_80.onnx,vnnlib/prop_30_80_4.vnnlib,900
onnx/AllInOne_50_50.onnx,vnnlib/prop_50_50.vnnlib,900
onnx/AllInOne_50_50.onnx,vnnlib/prop_50_50_0.vnnlib,900
onnx/AllInOne_50_50.onnx,vnnlib/prop_50_50_1.vnnlib,900
onnx/AllInOne_50_50.onnx,vnnlib/prop_50_50_2.vnnlib,900
onnx/AllInOne_50_50.onnx,vnnlib/prop_50_50_3.vnnlib,900
onnx/AllInOne_50_50.onnx,vnnlib/prop_50_50_4.vnnlib,900
onnx/AllInOne_50_120.onnx,vnnlib/prop_50_120.vnnlib,900
onnx/AllInOne_50_120.onnx,vnnlib/prop_50_120_0.vnnlib,900
onnx/AllInOne_50_120.onnx,vnnlib/prop_50_120_1.vnnlib,900
onnx/AllInOne_50_120.onnx,vnnlib/prop_50_120_2.vnnlib,900
onnx/AllInOne_50_120.onnx,vnnlib/prop_50_120_3.vnnlib,900
onnx/AllInOne_50_120.onnx,vnnlib/prop_50_120_4.vnnlib,900
onnx/AllInOne_80_30.onnx,vnnlib/prop_80_30.vnnlib,900
onnx/AllInOne_80_30.onnx,vnnlib/prop_80_30_0.vnnlib,900
onnx/AllInOne_80_30.onnx,vnnlib/prop_80_30_1.vnnlib,900
onnx/AllInOne_80_30.onnx,vnnlib/prop_80_30_2.vnnlib,900
onnx/AllInOne_80_30.onnx,vnnlib/prop_80_30_3.vnnlib,900
onnx/AllInOne_80_30.onnx,vnnlib/prop_80_30_4.vnnlib,900
onnx/AllInOne_80_80.onnx,vnnlib/prop_80_80.vnnlib,900
onnx/AllInOne_80_80.onnx,vnnlib/prop_80_80_0.vnnlib,900
onnx/AllInOne_80_80.onnx,vnnlib/prop_80_80_1.vnnlib,900
onnx/AllInOne_80_80.onnx,vnnlib/prop_80_80_2.vnnlib,900
onnx/AllInOne_80_80.onnx,vnnlib/prop_80_80_3.vnnlib,900
onnx/AllInOne_80_80.onnx,vnnlib/prop_80_80_4.vnnlib,900
onnx/AllInOne_120_30.onnx,vnnlib/prop_120_30.vnnlib,900
onnx/AllInOne_120_30.onnx,vnnlib/prop_120_30_0.vnnlib,900
onnx/AllInOne_120_30.onnx,vnnlib/prop_120_30_1.vnnlib,900
onnx/AllInOne_120_30.onnx,vnnlib/prop_120_30_2.vnnlib,900
onnx/AllInOne_120_30.onnx,vnnlib/prop_120_30_3.vnnlib,900
onnx/AllInOne_120_30.onnx,vnnlib/prop_120_30_4.vnnlib,900
onnx/AllInOne_120_50.onnx,vnnlib/prop_120_50.vnnlib,900
onnx/AllInOne_120_50.onnx,vnnlib/prop_120_50_0.vnnlib,900
onnx/AllInOne_120_50.onnx,vnnlib/prop_120_50_1.vnnlib,900
onnx/AllInOne_120_50.onnx,vnnlib/prop_120_50_2.vnnlib,900
onnx/AllInOne_120_50.onnx,vnnlib/prop_120_50_3.vnnlib,900
onnx/AllInOne_120_50.onnx,vnnlib/prop_120_50_4.vnnlib,900
onnx/AllInOne_120_120.onnx,vnnlib/prop_120_120.vnnlib,900
onnx/AllInOne_120_120.onnx,vnnlib/prop_120_120_0.vnnlib,900
onnx/AllInOne_120_120.onnx,vnnlib/prop_120_120_1.vnnlib,900
onnx/AllInOne_120_120.onnx,vnnlib/prop_120_120_2.vnnlib,900
onnx/AllInOne_120_120.onnx,vnnlib/prop_120_120_3.vnnlib,900
onnx/AllInOne_120_120.onnx,vnnlib/prop_120_120_4.vnnlib,900
