onnx/ruarobot/perturbations_0.onnx,vnnlib/ruarobot/hyperrectangle_3607.vnnlib,20
onnx/ruarobot/perturbations_0.onnx,vnnlib/ruarobot/hyperrectangle_67.vnnlib,20
onnx/ruarobot/perturbations_0.onnx,vnnlib/ruarobot/hyperrectangle_1340.vnnlib,20
onnx/ruarobot/perturbations_0.onnx,vnnlib/ruarobot/hyperrectangle_6324.vnnlib,20
onnx/medical/perturbations_0.onnx,vnnlib/medical/hyperrectangle_327.vnnlib,20
onnx/ruarobot/perturbations_0.onnx,vnnlib/ruarobot/hyperrectangle_269.vnnlib,20
onnx/ruarobot/perturbations_0.onnx,vnnlib/ruarobot/hyperrectangle_4442.vnnlib,20
onnx/ruarobot/perturbations_0.onnx,vnnlib/ruarobot/hyperrectangle_1304.vnnlib,20
onnx/ruarobot/perturbations_0.onnx,vnnlib/ruarobot/hyperrectangle_2681.vnnlib,20
onnx/ruarobot/perturbations_0.onnx,vnnlib/ruarobot/hyperrectangle_5388.vnnlib,20
onnx/medical/perturbations_0.onnx,vnnlib/medical/hyperrectangle_1359.vnnlib,20
onnx/ruarobot/perturbations_0.onnx,vnnlib/ruarobot/hyperrectangle_1921.vnnlib,20
onnx/medical/perturbations_0.onnx,vnnlib/medical/hyperrectangle_369.vnnlib,20
onnx/ruarobot/perturbations_0.onnx,vnnlib/ruarobot/hyperrectangle_6277.vnnlib,20
onnx/ruarobot/perturbations_0.onnx,vnnlib/ruarobot/hyperrectangle_7466.vnnlib,20
onnx/ruarobot/perturbations_0.onnx,vnnlib/ruarobot/hyperrectangle_539.vnnlib,20
onnx/ruarobot/perturbations_0.onnx,vnnlib/ruarobot/hyperrectangle_2344.vnnlib,20
onnx/ruarobot/perturbations_0.onnx,vnnlib/ruarobot/hyperrectangle_7575.vnnlib,20
onnx/ruarobot/perturbations_0.onnx,vnnlib/ruarobot/hyperrectangle_3004.vnnlib,20
onnx/medical/perturbations_0.onnx,vnnlib/medical/hyperrectangle_1871.vnnlib,20
onnx/ruarobot/perturbations_0.onnx,vnnlib/ruarobot/hyperrectangle_3367.vnnlib,20
onnx/ruarobot/perturbations_0.onnx,vnnlib/ruarobot/hyperrectangle_3044.vnnlib,20
onnx/ruarobot/perturbations_0.onnx,vnnlib/ruarobot/hyperrectangle_5464.vnnlib,20
onnx/ruarobot/perturbations_0.onnx,vnnlib/ruarobot/hyperrectangle_2690.vnnlib,20
onnx/ruarobot/perturbations_0.onnx,vnnlib/ruarobot/hyperrectangle_4558.vnnlib,20
onnx/ruarobot/perturbations_0.onnx,vnnlib/ruarobot/hyperrectangle_1226.vnnlib,20
onnx/ruarobot/perturbations_0.onnx,vnnlib/ruarobot/hyperrectangle_2995.vnnlib,20
onnx/ruarobot/perturbations_0.onnx,vnnlib/ruarobot/hyperrectangle_4264.vnnlib,20
onnx/ruarobot/perturbations_0.onnx,vnnlib/ruarobot/hyperrectangle_4681.vnnlib,20
onnx/ruarobot/perturbations_0.onnx,vnnlib/ruarobot/hyperrectangle_3730.vnnlib,20
onnx/ruarobot/perturbations_0.onnx,vnnlib/ruarobot/hyperrectangle_49.vnnlib,20
onnx/ruarobot/perturbations_0.onnx,vnnlib/ruarobot/hyperrectangle_356.vnnlib,20
onnx/medical/perturbations_0.onnx,vnnlib/medical/hyperrectangle_858.vnnlib,20
onnx/ruarobot/perturbations_0.onnx,vnnlib/ruarobot/hyperrectangle_866.vnnlib,20
onnx/ruarobot/perturbations_0.onnx,vnnlib/ruarobot/hyperrectangle_4905.vnnlib,20
onnx/ruarobot/perturbations_0.onnx,vnnlib/ruarobot/hyperrectangle_1931.vnnlib,20
onnx/medical/perturbations_0.onnx,vnnlib/medical/hyperrectangle_2757.vnnlib,20
onnx/ruarobot/perturbations_0.onnx,vnnlib/ruarobot/hyperrectangle_4647.vnnlib,20
onnx/ruarobot/perturbations_0.onnx,vnnlib/ruarobot/hyperrectangle_7492.vnnlib,20
onnx/ruarobot/perturbations_0.onnx,vnnlib/ruarobot/hyperrectangle_2038.vnnlib,20
onnx/ruarobot/perturbations_0.onnx,vnnlib/ruarobot/hyperrectangle_4589.vnnlib,20
onnx/medical/perturbations_0.onnx,vnnlib/medical/hyperrectangle_404.vnnlib,20
onnx/ruarobot/perturbations_0.onnx,vnnlib/ruarobot/hyperrectangle_2638.vnnlib,20
onnx/ruarobot/perturbations_0.onnx,vnnlib/ruarobot/hyperrectangle_5248.vnnlib,20
onnx/ruarobot/perturbations_0.onnx,vnnlib/ruarobot/hyperrectangle_697.vnnlib,20
onnx/ruarobot/perturbations_0.onnx,vnnlib/ruarobot/hyperrectangle_6091.vnnlib,20
onnx/ruarobot/perturbations_0.onnx,vnnlib/ruarobot/hyperrectangle_5055.vnnlib,20
onnx/medical/perturbations_0.onnx,vnnlib/medical/hyperrectangle_216.vnnlib,20
onnx/ruarobot/perturbations_0.onnx,vnnlib/ruarobot/hyperrectangle_751.vnnlib,20
onnx/ruarobot/perturbations_0.onnx,vnnlib/ruarobot/hyperrectangle_420.vnnlib,20
onnx/ruarobot/perturbations_0.onnx,vnnlib/ruarobot/hyperrectangle_7428.vnnlib,20
onnx/ruarobot/perturbations_0.onnx,vnnlib/ruarobot/hyperrectangle_2118.vnnlib,20
onnx/medical/perturbations_0.onnx,vnnlib/medical/hyperrectangle_517.vnnlib,20
onnx/ruarobot/perturbations_0.onnx,vnnlib/ruarobot/hyperrectangle_680.vnnlib,20
onnx/ruarobot/perturbations_0.onnx,vnnlib/ruarobot/hyperrectangle_1928.vnnlib,20
onnx/ruarobot/perturbations_0.onnx,vnnlib/ruarobot/hyperrectangle_2735.vnnlib,20
onnx/ruarobot/perturbations_0.onnx,vnnlib/ruarobot/hyperrectangle_537.vnnlib,20
onnx/ruarobot/perturbations_0.onnx,vnnlib/ruarobot/hyperrectangle_1413.vnnlib,20
onnx/ruarobot/perturbations_0.onnx,vnnlib/ruarobot/hyperrectangle_2930.vnnlib,20
onnx/ruarobot/perturbations_0.onnx,vnnlib/ruarobot/hyperrectangle_6219.vnnlib,20
onnx/ruarobot/perturbations_0.onnx,vnnlib/ruarobot/hyperrectangle_7251.vnnlib,20
onnx/ruarobot/perturbations_0.onnx,vnnlib/ruarobot/hyperrectangle_4909.vnnlib,20
onnx/ruarobot/perturbations_0.onnx,vnnlib/ruarobot/hyperrectangle_2328.vnnlib,20
onnx/ruarobot/perturbations_0.onnx,vnnlib/ruarobot/hyperrectangle_4873.vnnlib,20
onnx/ruarobot/perturbations_0.onnx,vnnlib/ruarobot/hyperrectangle_3534.vnnlib,20
onnx/ruarobot/perturbations_0.onnx,vnnlib/ruarobot/hyperrectangle_5026.vnnlib,20
onnx/ruarobot/perturbations_0.onnx,vnnlib/ruarobot/hyperrectangle_7625.vnnlib,20
onnx/ruarobot/perturbations_0.onnx,vnnlib/ruarobot/hyperrectangle_5432.vnnlib,20
onnx/ruarobot/perturbations_0.onnx,vnnlib/ruarobot/hyperrectangle_121.vnnlib,20
onnx/medical/perturbations_0.onnx,vnnlib/medical/hyperrectangle_1238.vnnlib,20
onnx/ruarobot/perturbations_0.onnx,vnnlib/ruarobot/hyperrectangle_4056.vnnlib,20
onnx/ruarobot/perturbations_0.onnx,vnnlib/ruarobot/hyperrectangle_4259.vnnlib,20
onnx/medical/perturbations_0.onnx,vnnlib/medical/hyperrectangle_215.vnnlib,20
onnx/ruarobot/perturbations_0.onnx,vnnlib/ruarobot/hyperrectangle_3402.vnnlib,20
onnx/ruarobot/perturbations_0.onnx,vnnlib/ruarobot/hyperrectangle_583.vnnlib,20
onnx/ruarobot/perturbations_0.onnx,vnnlib/ruarobot/hyperrectangle_3106.vnnlib,20
onnx/ruarobot/perturbations_0.onnx,vnnlib/ruarobot/hyperrectangle_3232.vnnlib,20
onnx/ruarobot/perturbations_0.onnx,vnnlib/ruarobot/hyperrectangle_7547.vnnlib,20
onnx/medical/perturbations_0.onnx,vnnlib/medical/hyperrectangle_2695.vnnlib,20
onnx/medical/perturbations_0.onnx,vnnlib/medical/hyperrectangle_1741.vnnlib,20
onnx/ruarobot/perturbations_0.onnx,vnnlib/ruarobot/hyperrectangle_1408.vnnlib,20
onnx/ruarobot/perturbations_0.onnx,vnnlib/ruarobot/hyperrectangle_2359.vnnlib,20
onnx/ruarobot/perturbations_0.onnx,vnnlib/ruarobot/hyperrectangle_1939.vnnlib,20
onnx/ruarobot/perturbations_0.onnx,vnnlib/ruarobot/hyperrectangle_7437.vnnlib,20
onnx/ruarobot/perturbations_0.onnx,vnnlib/ruarobot/hyperrectangle_7206.vnnlib,20
onnx/ruarobot/perturbations_0.onnx,vnnlib/ruarobot/hyperrectangle_1044.vnnlib,20
onnx/ruarobot/perturbations_0.onnx,vnnlib/ruarobot/hyperrectangle_4016.vnnlib,20
onnx/ruarobot/perturbations_0.onnx,vnnlib/ruarobot/hyperrectangle_5308.vnnlib,20
onnx/ruarobot/perturbations_0.onnx,vnnlib/ruarobot/hyperrectangle_7011.vnnlib,20
onnx/medical/perturbations_0.onnx,vnnlib/medical/hyperrectangle_1541.vnnlib,20
onnx/ruarobot/perturbations_0.onnx,vnnlib/ruarobot/hyperrectangle_4627.vnnlib,20
onnx/ruarobot/perturbations_0.onnx,vnnlib/ruarobot/hyperrectangle_3445.vnnlib,20
onnx/ruarobot/perturbations_0.onnx,vnnlib/ruarobot/hyperrectangle_2758.vnnlib,20
onnx/ruarobot/perturbations_0.onnx,vnnlib/ruarobot/hyperrectangle_5246.vnnlib,20
onnx/ruarobot/perturbations_0.onnx,vnnlib/ruarobot/hyperrectangle_2009.vnnlib,20
onnx/ruarobot/perturbations_0.onnx,vnnlib/ruarobot/hyperrectangle_1293.vnnlib,20
onnx/ruarobot/perturbations_0.onnx,vnnlib/ruarobot/hyperrectangle_4514.vnnlib,20
onnx/ruarobot/perturbations_0.onnx,vnnlib/ruarobot/hyperrectangle_3513.vnnlib,20
onnx/medical/perturbations_0.onnx,vnnlib/medical/hyperrectangle_2577.vnnlib,20
onnx/ruarobot/perturbations_0.onnx,vnnlib/ruarobot/hyperrectangle_5486.vnnlib,20
onnx/medical/perturbations_0.onnx,vnnlib/medical/hyperrectangle_936.vnnlib,20
onnx/medical/perturbations_0.onnx,vnnlib/medical/hyperrectangle_2196.vnnlib,20
onnx/ruarobot/perturbations_0.onnx,vnnlib/ruarobot/hyperrectangle_6946.vnnlib,20
onnx/ruarobot/perturbations_0.onnx,vnnlib/ruarobot/hyperrectangle_3198.vnnlib,20
onnx/ruarobot/perturbations_0.onnx,vnnlib/ruarobot/hyperrectangle_3920.vnnlib,20
onnx/ruarobot/perturbations_0.onnx,vnnlib/ruarobot/hyperrectangle_2884.vnnlib,20
onnx/ruarobot/perturbations_0.onnx,vnnlib/ruarobot/hyperrectangle_1590.vnnlib,20
onnx/medical/perturbations_0.onnx,vnnlib/medical/hyperrectangle_852.vnnlib,20
onnx/ruarobot/perturbations_0.onnx,vnnlib/ruarobot/hyperrectangle_1329.vnnlib,20
onnx/medical/perturbations_0.onnx,vnnlib/medical/hyperrectangle_2005.vnnlib,20
onnx/ruarobot/perturbations_0.onnx,vnnlib/ruarobot/hyperrectangle_4641.vnnlib,20
onnx/ruarobot/perturbations_0.onnx,vnnlib/ruarobot/hyperrectangle_5083.vnnlib,20
onnx/medical/perturbations_0.onnx,vnnlib/medical/hyperrectangle_599.vnnlib,20
onnx/ruarobot/perturbations_0.onnx,vnnlib/ruarobot/hyperrectangle_3767.vnnlib,20
onnx/medical/perturbations_0.onnx,vnnlib/medical/hyperrectangle_2864.vnnlib,20
onnx/ruarobot/perturbations_0.onnx,vnnlib/ruarobot/hyperrectangle_6686.vnnlib,20
onnx/ruarobot/perturbations_0.onnx,vnnlib/ruarobot/hyperrectangle_810.vnnlib,20
onnx/ruarobot/perturbations_0.onnx,vnnlib/ruarobot/hyperrectangle_5224.vnnlib,20
onnx/medical/perturbations_0.onnx,vnnlib/medical/hyperrectangle_2804.vnnlib,20
onnx/ruarobot/perturbations_0.onnx,vnnlib/ruarobot/hyperrectangle_3650.vnnlib,20
onnx/ruarobot/perturbations_0.onnx,vnnlib/ruarobot/hyperrectangle_6337.vnnlib,20
onnx/ruarobot/perturbations_0.onnx,vnnlib/ruarobot/hyperrectangle_2829.vnnlib,20
onnx/ruarobot/perturbations_0.onnx,vnnlib/ruarobot/hyperrectangle_5462.vnnlib,20
onnx/ruarobot/perturbations_0.onnx,vnnlib/ruarobot/hyperrectangle_5205.vnnlib,20
onnx/ruarobot/perturbations_0.onnx,vnnlib/ruarobot/hyperrectangle_6351.vnnlib,20
onnx/ruarobot/perturbations_0.onnx,vnnlib/ruarobot/hyperrectangle_7796.vnnlib,20
onnx/ruarobot/perturbations_0.onnx,vnnlib/ruarobot/hyperrectangle_1094.vnnlib,20
onnx/ruarobot/perturbations_0.onnx,vnnlib/ruarobot/hyperrectangle_2084.vnnlib,20
onnx/ruarobot/perturbations_0.onnx,vnnlib/ruarobot/hyperrectangle_2695.vnnlib,20
onnx/ruarobot/perturbations_0.onnx,vnnlib/ruarobot/hyperrectangle_3322.vnnlib,20
onnx/ruarobot/perturbations_0.onnx,vnnlib/ruarobot/hyperrectangle_5336.vnnlib,20
onnx/medical/perturbations_0.onnx,vnnlib/medical/hyperrectangle_2360.vnnlib,20
onnx/ruarobot/perturbations_0.onnx,vnnlib/ruarobot/hyperrectangle_2983.vnnlib,20
onnx/medical/perturbations_0.onnx,vnnlib/medical/hyperrectangle_2469.vnnlib,20
onnx/ruarobot/perturbations_0.onnx,vnnlib/ruarobot/hyperrectangle_1030.vnnlib,20
onnx/ruarobot/perturbations_0.onnx,vnnlib/ruarobot/hyperrectangle_1869.vnnlib,20
onnx/ruarobot/perturbations_0.onnx,vnnlib/ruarobot/hyperrectangle_838.vnnlib,20
onnx/ruarobot/perturbations_0.onnx,vnnlib/ruarobot/hyperrectangle_168.vnnlib,20
onnx/ruarobot/perturbations_0.onnx,vnnlib/ruarobot/hyperrectangle_2645.vnnlib,20
onnx/ruarobot/perturbations_0.onnx,vnnlib/ruarobot/hyperrectangle_929.vnnlib,20
onnx/ruarobot/perturbations_0.onnx,vnnlib/ruarobot/hyperrectangle_2831.vnnlib,20
onnx/medical/perturbations_0.onnx,vnnlib/medical/hyperrectangle_971.vnnlib,20
onnx/medical/perturbations_0.onnx,vnnlib/medical/hyperrectangle_368.vnnlib,20
onnx/ruarobot/perturbations_0.onnx,vnnlib/ruarobot/hyperrectangle_7908.vnnlib,20
onnx/ruarobot/perturbations_0.onnx,vnnlib/ruarobot/hyperrectangle_5289.vnnlib,20
onnx/medical/perturbations_0.onnx,vnnlib/medical/hyperrectangle_219.vnnlib,20
onnx/ruarobot/perturbations_0.onnx,vnnlib/ruarobot/hyperrectangle_7288.vnnlib,20
onnx/ruarobot/perturbations_0.onnx,vnnlib/ruarobot/hyperrectangle_6332.vnnlib,20
onnx/medical/perturbations_0.onnx,vnnlib/medical/hyperrectangle_2834.vnnlib,20
onnx/ruarobot/perturbations_0.onnx,vnnlib/ruarobot/hyperrectangle_4618.vnnlib,20
onnx/medical/perturbations_0.onnx,vnnlib/medical/hyperrectangle_564.vnnlib,20
onnx/ruarobot/perturbations_0.onnx,vnnlib/ruarobot/hyperrectangle_567.vnnlib,20
onnx/medical/perturbations_0.onnx,vnnlib/medical/hyperrectangle_837.vnnlib,20
onnx/medical/perturbations_0.onnx,vnnlib/medical/hyperrectangle_478.vnnlib,20
onnx/medical/perturbations_0.onnx,vnnlib/medical/hyperrectangle_534.vnnlib,20
onnx/ruarobot/perturbations_0.onnx,vnnlib/ruarobot/hyperrectangle_6666.vnnlib,20
onnx/ruarobot/perturbations_0.onnx,vnnlib/ruarobot/hyperrectangle_2079.vnnlib,20
onnx/ruarobot/perturbations_0.onnx,vnnlib/ruarobot/hyperrectangle_784.vnnlib,20
onnx/medical/perturbations_0.onnx,vnnlib/medical/hyperrectangle_1092.vnnlib,20
onnx/ruarobot/perturbations_0.onnx,vnnlib/ruarobot/hyperrectangle_7887.vnnlib,20
onnx/ruarobot/perturbations_0.onnx,vnnlib/ruarobot/hyperrectangle_3362.vnnlib,20
onnx/ruarobot/perturbations_0.onnx,vnnlib/ruarobot/hyperrectangle_6944.vnnlib,20
onnx/medical/perturbations_0.onnx,vnnlib/medical/hyperrectangle_323.vnnlib,20
onnx/ruarobot/perturbations_0.onnx,vnnlib/ruarobot/hyperrectangle_2924.vnnlib,20
onnx/ruarobot/perturbations_0.onnx,vnnlib/ruarobot/hyperrectangle_731.vnnlib,20
onnx/ruarobot/perturbations_0.onnx,vnnlib/ruarobot/hyperrectangle_2051.vnnlib,20
onnx/ruarobot/perturbations_0.onnx,vnnlib/ruarobot/hyperrectangle_2794.vnnlib,20
onnx/ruarobot/perturbations_0.onnx,vnnlib/ruarobot/hyperrectangle_134.vnnlib,20
onnx/ruarobot/perturbations_0.onnx,vnnlib/ruarobot/hyperrectangle_1123.vnnlib,20
onnx/ruarobot/perturbations_0.onnx,vnnlib/ruarobot/hyperrectangle_6645.vnnlib,20
onnx/ruarobot/perturbations_0.onnx,vnnlib/ruarobot/hyperrectangle_6789.vnnlib,20
onnx/ruarobot/perturbations_0.onnx,vnnlib/ruarobot/hyperrectangle_3874.vnnlib,20
onnx/medical/perturbations_0.onnx,vnnlib/medical/hyperrectangle_510.vnnlib,20
onnx/ruarobot/perturbations_0.onnx,vnnlib/ruarobot/hyperrectangle_4699.vnnlib,20
onnx/medical/perturbations_0.onnx,vnnlib/medical/hyperrectangle_2477.vnnlib,20
onnx/ruarobot/perturbations_0.onnx,vnnlib/ruarobot/hyperrectangle_7813.vnnlib,20
onnx/ruarobot/perturbations_0.onnx,vnnlib/ruarobot/hyperrectangle_5738.vnnlib,20
onnx/ruarobot/perturbations_0.onnx,vnnlib/ruarobot/hyperrectangle_2902.vnnlib,20
onnx/medical/perturbations_0.onnx,vnnlib/medical/hyperrectangle_2144.vnnlib,20
onnx/medical/perturbations_0.onnx,vnnlib/medical/hyperrectangle_2531.vnnlib,20
onnx/medical/perturbations_0.onnx,vnnlib/medical/hyperrectangle_189.vnnlib,20
onnx/medical/perturbations_0.onnx,vnnlib/medical/hyperrectangle_1399.vnnlib,20
onnx/ruarobot/perturbations_0.onnx,vnnlib/ruarobot/hyperrectangle_118.vnnlib,20
onnx/medical/perturbations_0.onnx,vnnlib/medical/hyperrectangle_2717.vnnlib,20
onnx/medical/perturbations_0.onnx,vnnlib/medical/hyperrectangle_1343.vnnlib,20
onnx/ruarobot/perturbations_0.onnx,vnnlib/ruarobot/hyperrectangle_936.vnnlib,20
onnx/ruarobot/perturbations_0.onnx,vnnlib/ruarobot/hyperrectangle_2006.vnnlib,20
onnx/ruarobot/perturbations_0.onnx,vnnlib/ruarobot/hyperrectangle_2650.vnnlib,20
onnx/ruarobot/perturbations_0.onnx,vnnlib/ruarobot/hyperrectangle_6103.vnnlib,20
onnx/medical/perturbations_0.onnx,vnnlib/medical/hyperrectangle_1411.vnnlib,20
onnx/ruarobot/perturbations_0.onnx,vnnlib/ruarobot/hyperrectangle_7411.vnnlib,20
onnx/ruarobot/perturbations_0.onnx,vnnlib/ruarobot/hyperrectangle_2391.vnnlib,20
onnx/medical/perturbations_0.onnx,vnnlib/medical/hyperrectangle_2516.vnnlib,20
onnx/medical/perturbations_0.onnx,vnnlib/medical/hyperrectangle_1202.vnnlib,20
onnx/ruarobot/perturbations_0.onnx,vnnlib/ruarobot/hyperrectangle_3844.vnnlib,20
onnx/medical/perturbations_0.onnx,vnnlib/medical/hyperrectangle_1444.vnnlib,20
onnx/ruarobot/perturbations_0.onnx,vnnlib/ruarobot/hyperrectangle_1016.vnnlib,20
onnx/medical/perturbations_0.onnx,vnnlib/medical/hyperrectangle_2759.vnnlib,20
onnx/medical/perturbations_0.onnx,vnnlib/medical/hyperrectangle_815.vnnlib,20
onnx/ruarobot/perturbations_0.onnx,vnnlib/ruarobot/hyperrectangle_2408.vnnlib,20
onnx/ruarobot/perturbations_0.onnx,vnnlib/ruarobot/hyperrectangle_3441.vnnlib,20
onnx/medical/perturbations_0.onnx,vnnlib/medical/hyperrectangle_619.vnnlib,20
onnx/medical/perturbations_0.onnx,vnnlib/medical/hyperrectangle_580.vnnlib,20
onnx/ruarobot/perturbations_0.onnx,vnnlib/ruarobot/hyperrectangle_3373.vnnlib,20
onnx/ruarobot/perturbations_0.onnx,vnnlib/ruarobot/hyperrectangle_1105.vnnlib,20
onnx/ruarobot/perturbations_0.onnx,vnnlib/ruarobot/hyperrectangle_4081.vnnlib,20
onnx/ruarobot/perturbations_0.onnx,vnnlib/ruarobot/hyperrectangle_6355.vnnlib,20
onnx/ruarobot/perturbations_0.onnx,vnnlib/ruarobot/hyperrectangle_435.vnnlib,20
onnx/ruarobot/perturbations_0.onnx,vnnlib/ruarobot/hyperrectangle_3228.vnnlib,20
onnx/medical/perturbations_0.onnx,vnnlib/medical/hyperrectangle_2189.vnnlib,20
onnx/ruarobot/perturbations_0.onnx,vnnlib/ruarobot/hyperrectangle_4898.vnnlib,20
onnx/ruarobot/perturbations_0.onnx,vnnlib/ruarobot/hyperrectangle_4039.vnnlib,20
onnx/ruarobot/perturbations_0.onnx,vnnlib/ruarobot/hyperrectangle_4404.vnnlib,20
onnx/ruarobot/perturbations_0.onnx,vnnlib/ruarobot/hyperrectangle_7833.vnnlib,20
onnx/medical/perturbations_0.onnx,vnnlib/medical/hyperrectangle_909.vnnlib,20
onnx/medical/perturbations_0.onnx,vnnlib/medical/hyperrectangle_1656.vnnlib,20
onnx/medical/perturbations_0.onnx,vnnlib/medical/hyperrectangle_97.vnnlib,20
onnx/ruarobot/perturbations_0.onnx,vnnlib/ruarobot/hyperrectangle_6335.vnnlib,20
onnx/ruarobot/perturbations_0.onnx,vnnlib/ruarobot/hyperrectangle_7829.vnnlib,20
onnx/ruarobot/perturbations_0.onnx,vnnlib/ruarobot/hyperrectangle_6067.vnnlib,20
onnx/ruarobot/perturbations_0.onnx,vnnlib/ruarobot/hyperrectangle_2417.vnnlib,20
onnx/ruarobot/perturbations_0.onnx,vnnlib/ruarobot/hyperrectangle_1908.vnnlib,20
onnx/ruarobot/perturbations_0.onnx,vnnlib/ruarobot/hyperrectangle_7051.vnnlib,20
onnx/medical/perturbations_0.onnx,vnnlib/medical/hyperrectangle_1308.vnnlib,20
onnx/medical/perturbations_0.onnx,vnnlib/medical/hyperrectangle_2375.vnnlib,20
onnx/ruarobot/perturbations_0.onnx,vnnlib/ruarobot/hyperrectangle_5426.vnnlib,20
onnx/ruarobot/perturbations_0.onnx,vnnlib/ruarobot/hyperrectangle_6668.vnnlib,20
onnx/ruarobot/perturbations_0.onnx,vnnlib/ruarobot/hyperrectangle_5134.vnnlib,20
onnx/ruarobot/perturbations_0.onnx,vnnlib/ruarobot/hyperrectangle_690.vnnlib,20
onnx/ruarobot/perturbations_0.onnx,vnnlib/ruarobot/hyperrectangle_1355.vnnlib,20
onnx/medical/perturbations_0.onnx,vnnlib/medical/hyperrectangle_1306.vnnlib,20
onnx/ruarobot/perturbations_0.onnx,vnnlib/ruarobot/hyperrectangle_108.vnnlib,20
onnx/ruarobot/perturbations_0.onnx,vnnlib/ruarobot/hyperrectangle_6696.vnnlib,20
onnx/ruarobot/perturbations_0.onnx,vnnlib/ruarobot/hyperrectangle_149.vnnlib,20
onnx/ruarobot/perturbations_0.onnx,vnnlib/ruarobot/hyperrectangle_2474.vnnlib,20
onnx/medical/perturbations_0.onnx,vnnlib/medical/hyperrectangle_1112.vnnlib,20
onnx/ruarobot/perturbations_0.onnx,vnnlib/ruarobot/hyperrectangle_6033.vnnlib,20
onnx/ruarobot/perturbations_0.onnx,vnnlib/ruarobot/hyperrectangle_5888.vnnlib,20
onnx/ruarobot/perturbations_0.onnx,vnnlib/ruarobot/hyperrectangle_2177.vnnlib,20
onnx/ruarobot/perturbations_0.onnx,vnnlib/ruarobot/hyperrectangle_692.vnnlib,20
onnx/medical/perturbations_0.onnx,vnnlib/medical/hyperrectangle_2146.vnnlib,20
onnx/medical/perturbations_0.onnx,vnnlib/medical/hyperrectangle_287.vnnlib,20
onnx/medical/perturbations_0.onnx,vnnlib/medical/hyperrectangle_1578.vnnlib,20
onnx/medical/perturbations_0.onnx,vnnlib/medical/hyperrectangle_2182.vnnlib,20
onnx/ruarobot/perturbations_0.onnx,vnnlib/ruarobot/hyperrectangle_2583.vnnlib,20
onnx/ruarobot/perturbations_0.onnx,vnnlib/ruarobot/hyperrectangle_637.vnnlib,20
onnx/ruarobot/perturbations_0.onnx,vnnlib/ruarobot/hyperrectangle_1803.vnnlib,20
onnx/ruarobot/perturbations_0.onnx,vnnlib/ruarobot/hyperrectangle_3379.vnnlib,20
onnx/ruarobot/perturbations_0.onnx,vnnlib/ruarobot/hyperrectangle_2261.vnnlib,20
onnx/ruarobot/perturbations_0.onnx,vnnlib/ruarobot/hyperrectangle_3439.vnnlib,20
onnx/ruarobot/perturbations_0.onnx,vnnlib/ruarobot/hyperrectangle_5177.vnnlib,20
onnx/ruarobot/perturbations_0.onnx,vnnlib/ruarobot/hyperrectangle_6970.vnnlib,20
onnx/ruarobot/perturbations_0.onnx,vnnlib/ruarobot/hyperrectangle_2537.vnnlib,20
onnx/ruarobot/perturbations_0.onnx,vnnlib/ruarobot/hyperrectangle_5513.vnnlib,20
onnx/ruarobot/perturbations_0.onnx,vnnlib/ruarobot/hyperrectangle_2504.vnnlib,20
onnx/ruarobot/perturbations_0.onnx,vnnlib/ruarobot/hyperrectangle_2842.vnnlib,20
onnx/medical/perturbations_0.onnx,vnnlib/medical/hyperrectangle_705.vnnlib,20
onnx/ruarobot/perturbations_0.onnx,vnnlib/ruarobot/hyperrectangle_3639.vnnlib,20
onnx/ruarobot/perturbations_0.onnx,vnnlib/ruarobot/hyperrectangle_7672.vnnlib,20
onnx/ruarobot/perturbations_0.onnx,vnnlib/ruarobot/hyperrectangle_4798.vnnlib,20
onnx/ruarobot/perturbations_0.onnx,vnnlib/ruarobot/hyperrectangle_3369.vnnlib,20
onnx/medical/perturbations_0.onnx,vnnlib/medical/hyperrectangle_1917.vnnlib,20
onnx/ruarobot/perturbations_0.onnx,vnnlib/ruarobot/hyperrectangle_1516.vnnlib,20
onnx/ruarobot/perturbations_0.onnx,vnnlib/ruarobot/hyperrectangle_4907.vnnlib,20
onnx/medical/perturbations_0.onnx,vnnlib/medical/hyperrectangle_776.vnnlib,20
onnx/medical/perturbations_0.onnx,vnnlib/medical/hyperrectangle_891.vnnlib,20
onnx/ruarobot/perturbations_0.onnx,vnnlib/ruarobot/hyperrectangle_6428.vnnlib,20
onnx/ruarobot/perturbations_0.onnx,vnnlib/ruarobot/hyperrectangle_3921.vnnlib,20
onnx/ruarobot/perturbations_0.onnx,vnnlib/ruarobot/hyperrectangle_5244.vnnlib,20
onnx/ruarobot/perturbations_0.onnx,vnnlib/ruarobot/hyperrectangle_6200.vnnlib,20
onnx/ruarobot/perturbations_0.onnx,vnnlib/ruarobot/hyperrectangle_2219.vnnlib,20
onnx/ruarobot/perturbations_0.onnx,vnnlib/ruarobot/hyperrectangle_3967.vnnlib,20
onnx/ruarobot/perturbations_0.onnx,vnnlib/ruarobot/hyperrectangle_5625.vnnlib,20
onnx/medical/perturbations_0.onnx,vnnlib/medical/hyperrectangle_1911.vnnlib,20
onnx/ruarobot/perturbations_0.onnx,vnnlib/ruarobot/hyperrectangle_2470.vnnlib,20
onnx/ruarobot/perturbations_0.onnx,vnnlib/ruarobot/hyperrectangle_6978.vnnlib,20
onnx/ruarobot/perturbations_0.onnx,vnnlib/ruarobot/hyperrectangle_3541.vnnlib,20
onnx/medical/perturbations_0.onnx,vnnlib/medical/hyperrectangle_689.vnnlib,20
onnx/ruarobot/perturbations_0.onnx,vnnlib/ruarobot/hyperrectangle_5092.vnnlib,20
onnx/ruarobot/perturbations_0.onnx,vnnlib/ruarobot/hyperrectangle_710.vnnlib,20
onnx/ruarobot/perturbations_0.onnx,vnnlib/ruarobot/hyperrectangle_3533.vnnlib,20
onnx/ruarobot/perturbations_0.onnx,vnnlib/ruarobot/hyperrectangle_1260.vnnlib,20
onnx/ruarobot/perturbations_0.onnx,vnnlib/ruarobot/hyperrectangle_6790.vnnlib,20
onnx/ruarobot/perturbations_0.onnx,vnnlib/ruarobot/hyperrectangle_3748.vnnlib,20
onnx/ruarobot/perturbations_0.onnx,vnnlib/ruarobot/hyperrectangle_2823.vnnlib,20
onnx/ruarobot/perturbations_0.onnx,vnnlib/ruarobot/hyperrectangle_5899.vnnlib,20
onnx/medical/perturbations_0.onnx,vnnlib/medical/hyperrectangle_964.vnnlib,20
onnx/ruarobot/perturbations_0.onnx,vnnlib/ruarobot/hyperrectangle_1528.vnnlib,20
onnx/ruarobot/perturbations_0.onnx,vnnlib/ruarobot/hyperrectangle_2756.vnnlib,20
onnx/medical/perturbations_0.onnx,vnnlib/medical/hyperrectangle_984.vnnlib,20
onnx/ruarobot/perturbations_0.onnx,vnnlib/ruarobot/hyperrectangle_1688.vnnlib,20
onnx/ruarobot/perturbations_0.onnx,vnnlib/ruarobot/hyperrectangle_1467.vnnlib,20
onnx/ruarobot/perturbations_0.onnx,vnnlib/ruarobot/hyperrectangle_5967.vnnlib,20
onnx/ruarobot/perturbations_0.onnx,vnnlib/ruarobot/hyperrectangle_5181.vnnlib,20
onnx/ruarobot/perturbations_0.onnx,vnnlib/ruarobot/hyperrectangle_5995.vnnlib,20
onnx/ruarobot/perturbations_0.onnx,vnnlib/ruarobot/hyperrectangle_4571.vnnlib,20
onnx/medical/perturbations_0.onnx,vnnlib/medical/hyperrectangle_1959.vnnlib,20
onnx/medical/perturbations_0.onnx,vnnlib/medical/hyperrectangle_2255.vnnlib,20
onnx/ruarobot/perturbations_0.onnx,vnnlib/ruarobot/hyperrectangle_7857.vnnlib,20
onnx/ruarobot/perturbations_0.onnx,vnnlib/ruarobot/hyperrectangle_5471.vnnlib,20
onnx/ruarobot/perturbations_0.onnx,vnnlib/ruarobot/hyperrectangle_2207.vnnlib,20
onnx/ruarobot/perturbations_0.onnx,vnnlib/ruarobot/hyperrectangle_1526.vnnlib,20
onnx/ruarobot/perturbations_0.onnx,vnnlib/ruarobot/hyperrectangle_3274.vnnlib,20
onnx/medical/perturbations_0.onnx,vnnlib/medical/hyperrectangle_532.vnnlib,20
onnx/ruarobot/perturbations_0.onnx,vnnlib/ruarobot/hyperrectangle_6603.vnnlib,20
onnx/ruarobot/perturbations_0.onnx,vnnlib/ruarobot/hyperrectangle_841.vnnlib,20
onnx/medical/perturbations_0.onnx,vnnlib/medical/hyperrectangle_1506.vnnlib,20
onnx/ruarobot/perturbations_0.onnx,vnnlib/ruarobot/hyperrectangle_6974.vnnlib,20
onnx/ruarobot/perturbations_0.onnx,vnnlib/ruarobot/hyperrectangle_1389.vnnlib,20
onnx/ruarobot/perturbations_0.onnx,vnnlib/ruarobot/hyperrectangle_2529.vnnlib,20
onnx/ruarobot/perturbations_0.onnx,vnnlib/ruarobot/hyperrectangle_6285.vnnlib,20
onnx/ruarobot/perturbations_0.onnx,vnnlib/ruarobot/hyperrectangle_6674.vnnlib,20
onnx/medical/perturbations_0.onnx,vnnlib/medical/hyperrectangle_861.vnnlib,20
onnx/ruarobot/perturbations_0.onnx,vnnlib/ruarobot/hyperrectangle_5262.vnnlib,20
onnx/ruarobot/perturbations_0.onnx,vnnlib/ruarobot/hyperrectangle_2335.vnnlib,20
onnx/medical/perturbations_0.onnx,vnnlib/medical/hyperrectangle_2625.vnnlib,20
onnx/ruarobot/perturbations_0.onnx,vnnlib/ruarobot/hyperrectangle_2673.vnnlib,20
onnx/medical/perturbations_0.onnx,vnnlib/medical/hyperrectangle_2856.vnnlib,20
onnx/ruarobot/perturbations_0.onnx,vnnlib/ruarobot/hyperrectangle_1995.vnnlib,20
onnx/medical/perturbations_0.onnx,vnnlib/medical/hyperrectangle_1276.vnnlib,20
onnx/ruarobot/perturbations_0.onnx,vnnlib/ruarobot/hyperrectangle_1464.vnnlib,20
onnx/ruarobot/perturbations_0.onnx,vnnlib/ruarobot/hyperrectangle_7702.vnnlib,20
onnx/ruarobot/perturbations_0.onnx,vnnlib/ruarobot/hyperrectangle_7128.vnnlib,20
onnx/ruarobot/perturbations_0.onnx,vnnlib/ruarobot/hyperrectangle_2491.vnnlib,20
onnx/ruarobot/perturbations_0.onnx,vnnlib/ruarobot/hyperrectangle_1833.vnnlib,20
onnx/medical/perturbations_0.onnx,vnnlib/medical/hyperrectangle_1575.vnnlib,20
onnx/ruarobot/perturbations_0.onnx,vnnlib/ruarobot/hyperrectangle_1244.vnnlib,20
onnx/ruarobot/perturbations_0.onnx,vnnlib/ruarobot/hyperrectangle_44.vnnlib,20
onnx/ruarobot/perturbations_0.onnx,vnnlib/ruarobot/hyperrectangle_4961.vnnlib,20
onnx/ruarobot/perturbations_0.onnx,vnnlib/ruarobot/hyperrectangle_7286.vnnlib,20
onnx/medical/perturbations_0.onnx,vnnlib/medical/hyperrectangle_1493.vnnlib,20
onnx/medical/perturbations_0.onnx,vnnlib/medical/hyperrectangle_928.vnnlib,20
onnx/ruarobot/perturbations_0.onnx,vnnlib/ruarobot/hyperrectangle_3584.vnnlib,20
onnx/ruarobot/perturbations_0.onnx,vnnlib/ruarobot/hyperrectangle_1651.vnnlib,20
onnx/ruarobot/perturbations_0.onnx,vnnlib/ruarobot/hyperrectangle_6358.vnnlib,20
onnx/medical/perturbations_0.onnx,vnnlib/medical/hyperrectangle_682.vnnlib,20
onnx/ruarobot/perturbations_0.onnx,vnnlib/ruarobot/hyperrectangle_638.vnnlib,20
onnx/ruarobot/perturbations_0.onnx,vnnlib/ruarobot/hyperrectangle_1327.vnnlib,20
onnx/ruarobot/perturbations_0.onnx,vnnlib/ruarobot/hyperrectangle_205.vnnlib,20
onnx/medical/perturbations_0.onnx,vnnlib/medical/hyperrectangle_36.vnnlib,20
onnx/ruarobot/perturbations_0.onnx,vnnlib/ruarobot/hyperrectangle_1625.vnnlib,20
onnx/medical/perturbations_0.onnx,vnnlib/medical/hyperrectangle_460.vnnlib,20
onnx/ruarobot/perturbations_0.onnx,vnnlib/ruarobot/hyperrectangle_2599.vnnlib,20
onnx/ruarobot/perturbations_0.onnx,vnnlib/ruarobot/hyperrectangle_2789.vnnlib,20
onnx/ruarobot/perturbations_0.onnx,vnnlib/ruarobot/hyperrectangle_2259.vnnlib,20
onnx/ruarobot/perturbations_0.onnx,vnnlib/ruarobot/hyperrectangle_5823.vnnlib,20
onnx/ruarobot/perturbations_0.onnx,vnnlib/ruarobot/hyperrectangle_1414.vnnlib,20
onnx/ruarobot/perturbations_0.onnx,vnnlib/ruarobot/hyperrectangle_4882.vnnlib,20
onnx/ruarobot/perturbations_0.onnx,vnnlib/ruarobot/hyperrectangle_2404.vnnlib,20
onnx/ruarobot/perturbations_0.onnx,vnnlib/ruarobot/hyperrectangle_3736.vnnlib,20
onnx/ruarobot/perturbations_0.onnx,vnnlib/ruarobot/hyperrectangle_2752.vnnlib,20
onnx/ruarobot/perturbations_0.onnx,vnnlib/ruarobot/hyperrectangle_2815.vnnlib,20
onnx/ruarobot/perturbations_0.onnx,vnnlib/ruarobot/hyperrectangle_3965.vnnlib,20
onnx/ruarobot/perturbations_0.onnx,vnnlib/ruarobot/hyperrectangle_5176.vnnlib,20
onnx/ruarobot/perturbations_0.onnx,vnnlib/ruarobot/hyperrectangle_1397.vnnlib,20
onnx/ruarobot/perturbations_0.onnx,vnnlib/ruarobot/hyperrectangle_3129.vnnlib,20
onnx/ruarobot/perturbations_0.onnx,vnnlib/ruarobot/hyperrectangle_4481.vnnlib,20
onnx/medical/perturbations_0.onnx,vnnlib/medical/hyperrectangle_2186.vnnlib,20
onnx/ruarobot/perturbations_0.onnx,vnnlib/ruarobot/hyperrectangle_6323.vnnlib,20
onnx/ruarobot/perturbations_0.onnx,vnnlib/ruarobot/hyperrectangle_22.vnnlib,20
onnx/ruarobot/perturbations_0.onnx,vnnlib/ruarobot/hyperrectangle_3038.vnnlib,20
onnx/ruarobot/perturbations_0.onnx,vnnlib/ruarobot/hyperrectangle_379.vnnlib,20
onnx/ruarobot/perturbations_0.onnx,vnnlib/ruarobot/hyperrectangle_2101.vnnlib,20
onnx/medical/perturbations_0.onnx,vnnlib/medical/hyperrectangle_2796.vnnlib,20
onnx/ruarobot/perturbations_0.onnx,vnnlib/ruarobot/hyperrectangle_3512.vnnlib,20
onnx/medical/perturbations_0.onnx,vnnlib/medical/hyperrectangle_440.vnnlib,20
onnx/ruarobot/perturbations_0.onnx,vnnlib/ruarobot/hyperrectangle_619.vnnlib,20
onnx/ruarobot/perturbations_0.onnx,vnnlib/ruarobot/hyperrectangle_2552.vnnlib,20
onnx/medical/perturbations_0.onnx,vnnlib/medical/hyperrectangle_32.vnnlib,20
onnx/ruarobot/perturbations_0.onnx,vnnlib/ruarobot/hyperrectangle_6884.vnnlib,20
onnx/medical/perturbations_0.onnx,vnnlib/medical/hyperrectangle_1930.vnnlib,20
onnx/ruarobot/perturbations_0.onnx,vnnlib/ruarobot/hyperrectangle_7284.vnnlib,20
onnx/medical/perturbations_0.onnx,vnnlib/medical/hyperrectangle_1944.vnnlib,20
onnx/ruarobot/perturbations_0.onnx,vnnlib/ruarobot/hyperrectangle_1033.vnnlib,20
onnx/ruarobot/perturbations_0.onnx,vnnlib/ruarobot/hyperrectangle_6589.vnnlib,20
onnx/ruarobot/perturbations_0.onnx,vnnlib/ruarobot/hyperrectangle_1198.vnnlib,20
onnx/medical/perturbations_0.onnx,vnnlib/medical/hyperrectangle_2623.vnnlib,20
onnx/ruarobot/perturbations_0.onnx,vnnlib/ruarobot/hyperrectangle_360.vnnlib,20
onnx/medical/perturbations_0.onnx,vnnlib/medical/hyperrectangle_851.vnnlib,20
onnx/medical/perturbations_0.onnx,vnnlib/medical/hyperrectangle_85.vnnlib,20
onnx/ruarobot/perturbations_0.onnx,vnnlib/ruarobot/hyperrectangle_4181.vnnlib,20
onnx/ruarobot/perturbations_0.onnx,vnnlib/ruarobot/hyperrectangle_5594.vnnlib,20
onnx/ruarobot/perturbations_0.onnx,vnnlib/ruarobot/hyperrectangle_3407.vnnlib,20
onnx/medical/perturbations_0.onnx,vnnlib/medical/hyperrectangle_423.vnnlib,20
onnx/ruarobot/perturbations_0.onnx,vnnlib/ruarobot/hyperrectangle_584.vnnlib,20
onnx/ruarobot/perturbations_0.onnx,vnnlib/ruarobot/hyperrectangle_7443.vnnlib,20
onnx/medical/perturbations_0.onnx,vnnlib/medical/hyperrectangle_1542.vnnlib,20
onnx/ruarobot/perturbations_0.onnx,vnnlib/ruarobot/hyperrectangle_3032.vnnlib,20
onnx/medical/perturbations_0.onnx,vnnlib/medical/hyperrectangle_2701.vnnlib,20
onnx/medical/perturbations_0.onnx,vnnlib/medical/hyperrectangle_318.vnnlib,20
onnx/medical/perturbations_0.onnx,vnnlib/medical/hyperrectangle_11.vnnlib,20
onnx/ruarobot/perturbations_0.onnx,vnnlib/ruarobot/hyperrectangle_3427.vnnlib,20
onnx/ruarobot/perturbations_0.onnx,vnnlib/ruarobot/hyperrectangle_6158.vnnlib,20
onnx/ruarobot/perturbations_0.onnx,vnnlib/ruarobot/hyperrectangle_3877.vnnlib,20
onnx/ruarobot/perturbations_0.onnx,vnnlib/ruarobot/hyperrectangle_5786.vnnlib,20
onnx/medical/perturbations_0.onnx,vnnlib/medical/hyperrectangle_569.vnnlib,20
onnx/ruarobot/perturbations_0.onnx,vnnlib/ruarobot/hyperrectangle_1585.vnnlib,20
onnx/medical/perturbations_0.onnx,vnnlib/medical/hyperrectangle_847.vnnlib,20
onnx/ruarobot/perturbations_0.onnx,vnnlib/ruarobot/hyperrectangle_1315.vnnlib,20
onnx/ruarobot/perturbations_0.onnx,vnnlib/ruarobot/hyperrectangle_5724.vnnlib,20
onnx/medical/perturbations_0.onnx,vnnlib/medical/hyperrectangle_864.vnnlib,20
onnx/ruarobot/perturbations_0.onnx,vnnlib/ruarobot/hyperrectangle_7674.vnnlib,20
onnx/ruarobot/perturbations_0.onnx,vnnlib/ruarobot/hyperrectangle_3115.vnnlib,20
onnx/medical/perturbations_0.onnx,vnnlib/medical/hyperrectangle_2569.vnnlib,20
onnx/ruarobot/perturbations_0.onnx,vnnlib/ruarobot/hyperrectangle_6029.vnnlib,20
onnx/ruarobot/perturbations_0.onnx,vnnlib/ruarobot/hyperrectangle_2798.vnnlib,20
onnx/ruarobot/perturbations_0.onnx,vnnlib/ruarobot/hyperrectangle_1518.vnnlib,20
onnx/ruarobot/perturbations_0.onnx,vnnlib/ruarobot/hyperrectangle_1468.vnnlib,20
onnx/ruarobot/perturbations_0.onnx,vnnlib/ruarobot/hyperrectangle_6384.vnnlib,20
onnx/ruarobot/perturbations_0.onnx,vnnlib/ruarobot/hyperrectangle_1048.vnnlib,20
onnx/ruarobot/perturbations_0.onnx,vnnlib/ruarobot/hyperrectangle_6210.vnnlib,20
onnx/ruarobot/perturbations_0.onnx,vnnlib/ruarobot/hyperrectangle_2056.vnnlib,20
onnx/ruarobot/perturbations_0.onnx,vnnlib/ruarobot/hyperrectangle_6268.vnnlib,20
onnx/ruarobot/perturbations_0.onnx,vnnlib/ruarobot/hyperrectangle_5239.vnnlib,20
onnx/ruarobot/perturbations_0.onnx,vnnlib/ruarobot/hyperrectangle_761.vnnlib,20
onnx/ruarobot/perturbations_0.onnx,vnnlib/ruarobot/hyperrectangle_4107.vnnlib,20
onnx/ruarobot/perturbations_0.onnx,vnnlib/ruarobot/hyperrectangle_5042.vnnlib,20
onnx/ruarobot/perturbations_0.onnx,vnnlib/ruarobot/hyperrectangle_3990.vnnlib,20
onnx/ruarobot/perturbations_0.onnx,vnnlib/ruarobot/hyperrectangle_5381.vnnlib,20
onnx/medical/perturbations_0.onnx,vnnlib/medical/hyperrectangle_2037.vnnlib,20
onnx/ruarobot/perturbations_0.onnx,vnnlib/ruarobot/hyperrectangle_4619.vnnlib,20
onnx/ruarobot/perturbations_0.onnx,vnnlib/ruarobot/hyperrectangle_5502.vnnlib,20
onnx/ruarobot/perturbations_0.onnx,vnnlib/ruarobot/hyperrectangle_4328.vnnlib,20
onnx/medical/perturbations_0.onnx,vnnlib/medical/hyperrectangle_2592.vnnlib,20
onnx/ruarobot/perturbations_0.onnx,vnnlib/ruarobot/hyperrectangle_5865.vnnlib,20
onnx/ruarobot/perturbations_0.onnx,vnnlib/ruarobot/hyperrectangle_3688.vnnlib,20
onnx/ruarobot/perturbations_0.onnx,vnnlib/ruarobot/hyperrectangle_3353.vnnlib,20
onnx/ruarobot/perturbations_0.onnx,vnnlib/ruarobot/hyperrectangle_2751.vnnlib,20
onnx/ruarobot/perturbations_0.onnx,vnnlib/ruarobot/hyperrectangle_192.vnnlib,20
onnx/ruarobot/perturbations_0.onnx,vnnlib/ruarobot/hyperrectangle_3689.vnnlib,20
onnx/ruarobot/perturbations_0.onnx,vnnlib/ruarobot/hyperrectangle_347.vnnlib,20
onnx/ruarobot/perturbations_0.onnx,vnnlib/ruarobot/hyperrectangle_4778.vnnlib,20
onnx/medical/perturbations_0.onnx,vnnlib/medical/hyperrectangle_1051.vnnlib,20
onnx/ruarobot/perturbations_0.onnx,vnnlib/ruarobot/hyperrectangle_3814.vnnlib,20
onnx/ruarobot/perturbations_0.onnx,vnnlib/ruarobot/hyperrectangle_472.vnnlib,20
onnx/ruarobot/perturbations_0.onnx,vnnlib/ruarobot/hyperrectangle_2585.vnnlib,20
onnx/medical/perturbations_0.onnx,vnnlib/medical/hyperrectangle_1402.vnnlib,20
onnx/medical/perturbations_0.onnx,vnnlib/medical/hyperrectangle_1325.vnnlib,20
onnx/ruarobot/perturbations_0.onnx,vnnlib/ruarobot/hyperrectangle_7425.vnnlib,20
onnx/medical/perturbations_0.onnx,vnnlib/medical/hyperrectangle_2670.vnnlib,20
onnx/ruarobot/perturbations_0.onnx,vnnlib/ruarobot/hyperrectangle_5651.vnnlib,20
onnx/ruarobot/perturbations_0.onnx,vnnlib/ruarobot/hyperrectangle_5817.vnnlib,20
onnx/medical/perturbations_0.onnx,vnnlib/medical/hyperrectangle_1449.vnnlib,20
onnx/ruarobot/perturbations_0.onnx,vnnlib/ruarobot/hyperrectangle_6959.vnnlib,20
onnx/ruarobot/perturbations_0.onnx,vnnlib/ruarobot/hyperrectangle_4230.vnnlib,20
onnx/medical/perturbations_0.onnx,vnnlib/medical/hyperrectangle_1739.vnnlib,20
onnx/medical/perturbations_0.onnx,vnnlib/medical/hyperrectangle_1926.vnnlib,20
onnx/ruarobot/perturbations_0.onnx,vnnlib/ruarobot/hyperrectangle_1991.vnnlib,20
onnx/ruarobot/perturbations_0.onnx,vnnlib/ruarobot/hyperrectangle_3543.vnnlib,20
onnx/ruarobot/perturbations_0.onnx,vnnlib/ruarobot/hyperrectangle_5655.vnnlib,20
onnx/ruarobot/perturbations_0.onnx,vnnlib/ruarobot/hyperrectangle_1848.vnnlib,20
onnx/ruarobot/perturbations_0.onnx,vnnlib/ruarobot/hyperrectangle_3043.vnnlib,20
onnx/medical/perturbations_0.onnx,vnnlib/medical/hyperrectangle_793.vnnlib,20
onnx/ruarobot/perturbations_0.onnx,vnnlib/ruarobot/hyperrectangle_5399.vnnlib,20
onnx/ruarobot/perturbations_0.onnx,vnnlib/ruarobot/hyperrectangle_5511.vnnlib,20
onnx/medical/perturbations_0.onnx,vnnlib/medical/hyperrectangle_965.vnnlib,20
onnx/medical/perturbations_0.onnx,vnnlib/medical/hyperrectangle_28.vnnlib,20
onnx/ruarobot/perturbations_0.onnx,vnnlib/ruarobot/hyperrectangle_2369.vnnlib,20
onnx/ruarobot/perturbations_0.onnx,vnnlib/ruarobot/hyperrectangle_5478.vnnlib,20
onnx/ruarobot/perturbations_0.onnx,vnnlib/ruarobot/hyperrectangle_6000.vnnlib,20
onnx/ruarobot/perturbations_0.onnx,vnnlib/ruarobot/hyperrectangle_2197.vnnlib,20
onnx/ruarobot/perturbations_0.onnx,vnnlib/ruarobot/hyperrectangle_7328.vnnlib,20
onnx/medical/perturbations_0.onnx,vnnlib/medical/hyperrectangle_1523.vnnlib,20
onnx/ruarobot/perturbations_0.onnx,vnnlib/ruarobot/hyperrectangle_5277.vnnlib,20
onnx/ruarobot/perturbations_0.onnx,vnnlib/ruarobot/hyperrectangle_2747.vnnlib,20
onnx/ruarobot/perturbations_0.onnx,vnnlib/ruarobot/hyperrectangle_2257.vnnlib,20
onnx/ruarobot/perturbations_0.onnx,vnnlib/ruarobot/hyperrectangle_7924.vnnlib,20
onnx/ruarobot/perturbations_0.onnx,vnnlib/ruarobot/hyperrectangle_862.vnnlib,20
onnx/ruarobot/perturbations_0.onnx,vnnlib/ruarobot/hyperrectangle_4021.vnnlib,20
onnx/ruarobot/perturbations_0.onnx,vnnlib/ruarobot/hyperrectangle_1531.vnnlib,20
onnx/medical/perturbations_0.onnx,vnnlib/medical/hyperrectangle_469.vnnlib,20
onnx/ruarobot/perturbations_0.onnx,vnnlib/ruarobot/hyperrectangle_1261.vnnlib,20
onnx/ruarobot/perturbations_0.onnx,vnnlib/ruarobot/hyperrectangle_1169.vnnlib,20
onnx/medical/perturbations_0.onnx,vnnlib/medical/hyperrectangle_1732.vnnlib,20
onnx/medical/perturbations_0.onnx,vnnlib/medical/hyperrectangle_2309.vnnlib,20
onnx/ruarobot/perturbations_0.onnx,vnnlib/ruarobot/hyperrectangle_6302.vnnlib,20
onnx/medical/perturbations_0.onnx,vnnlib/medical/hyperrectangle_43.vnnlib,20
onnx/ruarobot/perturbations_0.onnx,vnnlib/ruarobot/hyperrectangle_187.vnnlib,20
onnx/ruarobot/perturbations_0.onnx,vnnlib/ruarobot/hyperrectangle_4213.vnnlib,20
onnx/ruarobot/perturbations_0.onnx,vnnlib/ruarobot/hyperrectangle_991.vnnlib,20
onnx/ruarobot/perturbations_0.onnx,vnnlib/ruarobot/hyperrectangle_478.vnnlib,20
onnx/ruarobot/perturbations_0.onnx,vnnlib/ruarobot/hyperrectangle_6123.vnnlib,20
onnx/ruarobot/perturbations_0.onnx,vnnlib/ruarobot/hyperrectangle_4791.vnnlib,20
onnx/ruarobot/perturbations_0.onnx,vnnlib/ruarobot/hyperrectangle_1740.vnnlib,20
onnx/ruarobot/perturbations_0.onnx,vnnlib/ruarobot/hyperrectangle_2264.vnnlib,20
onnx/ruarobot/perturbations_0.onnx,vnnlib/ruarobot/hyperrectangle_509.vnnlib,20
onnx/medical/perturbations_0.onnx,vnnlib/medical/hyperrectangle_2707.vnnlib,20
onnx/ruarobot/perturbations_0.onnx,vnnlib/ruarobot/hyperrectangle_5926.vnnlib,20
onnx/ruarobot/perturbations_0.onnx,vnnlib/ruarobot/hyperrectangle_4239.vnnlib,20
onnx/medical/perturbations_0.onnx,vnnlib/medical/hyperrectangle_681.vnnlib,20
onnx/ruarobot/perturbations_0.onnx,vnnlib/ruarobot/hyperrectangle_1124.vnnlib,20
onnx/ruarobot/perturbations_0.onnx,vnnlib/ruarobot/hyperrectangle_2033.vnnlib,20
onnx/ruarobot/perturbations_0.onnx,vnnlib/ruarobot/hyperrectangle_1660.vnnlib,20
onnx/medical/perturbations_0.onnx,vnnlib/medical/hyperrectangle_2086.vnnlib,20
onnx/ruarobot/perturbations_0.onnx,vnnlib/ruarobot/hyperrectangle_5988.vnnlib,20
onnx/ruarobot/perturbations_0.onnx,vnnlib/ruarobot/hyperrectangle_5721.vnnlib,20
onnx/ruarobot/perturbations_0.onnx,vnnlib/ruarobot/hyperrectangle_7544.vnnlib,20
onnx/ruarobot/perturbations_0.onnx,vnnlib/ruarobot/hyperrectangle_1769.vnnlib,20
onnx/ruarobot/perturbations_0.onnx,vnnlib/ruarobot/hyperrectangle_678.vnnlib,20
onnx/ruarobot/perturbations_0.onnx,vnnlib/ruarobot/hyperrectangle_7394.vnnlib,20
onnx/ruarobot/perturbations_0.onnx,vnnlib/ruarobot/hyperrectangle_5229.vnnlib,20
onnx/ruarobot/perturbations_0.onnx,vnnlib/ruarobot/hyperrectangle_5232.vnnlib,20
onnx/ruarobot/perturbations_0.onnx,vnnlib/ruarobot/hyperrectangle_391.vnnlib,20
onnx/medical/perturbations_0.onnx,vnnlib/medical/hyperrectangle_501.vnnlib,20
onnx/ruarobot/perturbations_0.onnx,vnnlib/ruarobot/hyperrectangle_7434.vnnlib,20
onnx/medical/perturbations_0.onnx,vnnlib/medical/hyperrectangle_1170.vnnlib,20
onnx/ruarobot/perturbations_0.onnx,vnnlib/ruarobot/hyperrectangle_3741.vnnlib,20
onnx/ruarobot/perturbations_0.onnx,vnnlib/ruarobot/hyperrectangle_2667.vnnlib,20
onnx/ruarobot/perturbations_0.onnx,vnnlib/ruarobot/hyperrectangle_1373.vnnlib,20
onnx/medical/perturbations_0.onnx,vnnlib/medical/hyperrectangle_31.vnnlib,20
onnx/ruarobot/perturbations_0.onnx,vnnlib/ruarobot/hyperrectangle_600.vnnlib,20
onnx/medical/perturbations_0.onnx,vnnlib/medical/hyperrectangle_319.vnnlib,20
onnx/ruarobot/perturbations_0.onnx,vnnlib/ruarobot/hyperrectangle_1973.vnnlib,20
onnx/ruarobot/perturbations_0.onnx,vnnlib/ruarobot/hyperrectangle_2755.vnnlib,20
onnx/ruarobot/perturbations_0.onnx,vnnlib/ruarobot/hyperrectangle_2554.vnnlib,20
onnx/ruarobot/perturbations_0.onnx,vnnlib/ruarobot/hyperrectangle_4813.vnnlib,20
onnx/ruarobot/perturbations_0.onnx,vnnlib/ruarobot/hyperrectangle_824.vnnlib,20
onnx/ruarobot/perturbations_0.onnx,vnnlib/ruarobot/hyperrectangle_6614.vnnlib,20
onnx/ruarobot/perturbations_0.onnx,vnnlib/ruarobot/hyperrectangle_3937.vnnlib,20
onnx/ruarobot/perturbations_0.onnx,vnnlib/ruarobot/hyperrectangle_3658.vnnlib,20
onnx/ruarobot/perturbations_0.onnx,vnnlib/ruarobot/hyperrectangle_853.vnnlib,20
onnx/ruarobot/perturbations_0.onnx,vnnlib/ruarobot/hyperrectangle_1761.vnnlib,20
onnx/ruarobot/perturbations_0.onnx,vnnlib/ruarobot/hyperrectangle_6489.vnnlib,20
onnx/ruarobot/perturbations_0.onnx,vnnlib/ruarobot/hyperrectangle_4421.vnnlib,20
onnx/medical/perturbations_0.onnx,vnnlib/medical/hyperrectangle_2307.vnnlib,20
onnx/ruarobot/perturbations_0.onnx,vnnlib/ruarobot/hyperrectangle_2137.vnnlib,20
onnx/ruarobot/perturbations_0.onnx,vnnlib/ruarobot/hyperrectangle_6523.vnnlib,20
onnx/ruarobot/perturbations_0.onnx,vnnlib/ruarobot/hyperrectangle_6415.vnnlib,20
onnx/ruarobot/perturbations_0.onnx,vnnlib/ruarobot/hyperrectangle_1292.vnnlib,20
onnx/ruarobot/perturbations_0.onnx,vnnlib/ruarobot/hyperrectangle_6373.vnnlib,20
onnx/ruarobot/perturbations_0.onnx,vnnlib/ruarobot/hyperrectangle_154.vnnlib,20
onnx/ruarobot/perturbations_0.onnx,vnnlib/ruarobot/hyperrectangle_6228.vnnlib,20
onnx/ruarobot/perturbations_0.onnx,vnnlib/ruarobot/hyperrectangle_1600.vnnlib,20
onnx/medical/perturbations_0.onnx,vnnlib/medical/hyperrectangle_409.vnnlib,20
onnx/medical/perturbations_0.onnx,vnnlib/medical/hyperrectangle_2395.vnnlib,20
onnx/ruarobot/perturbations_0.onnx,vnnlib/ruarobot/hyperrectangle_1896.vnnlib,20
onnx/ruarobot/perturbations_0.onnx,vnnlib/ruarobot/hyperrectangle_3312.vnnlib,20
onnx/ruarobot/perturbations_0.onnx,vnnlib/ruarobot/hyperrectangle_5792.vnnlib,20
onnx/ruarobot/perturbations_0.onnx,vnnlib/ruarobot/hyperrectangle_6299.vnnlib,20
onnx/ruarobot/perturbations_0.onnx,vnnlib/ruarobot/hyperrectangle_1426.vnnlib,20
onnx/medical/perturbations_0.onnx,vnnlib/medical/hyperrectangle_1596.vnnlib,20
onnx/ruarobot/perturbations_0.onnx,vnnlib/ruarobot/hyperrectangle_349.vnnlib,20
onnx/ruarobot/perturbations_0.onnx,vnnlib/ruarobot/hyperrectangle_4178.vnnlib,20
onnx/ruarobot/perturbations_0.onnx,vnnlib/ruarobot/hyperrectangle_7629.vnnlib,20
onnx/ruarobot/perturbations_0.onnx,vnnlib/ruarobot/hyperrectangle_5876.vnnlib,20
onnx/medical/perturbations_0.onnx,vnnlib/medical/hyperrectangle_2725.vnnlib,20
onnx/medical/perturbations_0.onnx,vnnlib/medical/hyperrectangle_2657.vnnlib,20
onnx/ruarobot/perturbations_0.onnx,vnnlib/ruarobot/hyperrectangle_1390.vnnlib,20
onnx/ruarobot/perturbations_0.onnx,vnnlib/ruarobot/hyperrectangle_972.vnnlib,20
onnx/ruarobot/perturbations_0.onnx,vnnlib/ruarobot/hyperrectangle_3854.vnnlib,20
onnx/ruarobot/perturbations_0.onnx,vnnlib/ruarobot/hyperrectangle_4472.vnnlib,20
onnx/ruarobot/perturbations_0.onnx,vnnlib/ruarobot/hyperrectangle_1059.vnnlib,20
onnx/ruarobot/perturbations_0.onnx,vnnlib/ruarobot/hyperrectangle_1618.vnnlib,20
onnx/medical/perturbations_0.onnx,vnnlib/medical/hyperrectangle_2030.vnnlib,20
onnx/ruarobot/perturbations_0.onnx,vnnlib/ruarobot/hyperrectangle_7671.vnnlib,20
onnx/ruarobot/perturbations_0.onnx,vnnlib/ruarobot/hyperrectangle_12.vnnlib,20
onnx/ruarobot/perturbations_0.onnx,vnnlib/ruarobot/hyperrectangle_6521.vnnlib,20
onnx/ruarobot/perturbations_0.onnx,vnnlib/ruarobot/hyperrectangle_7031.vnnlib,20
onnx/ruarobot/perturbations_0.onnx,vnnlib/ruarobot/hyperrectangle_5280.vnnlib,20
onnx/ruarobot/perturbations_0.onnx,vnnlib/ruarobot/hyperrectangle_4533.vnnlib,20
onnx/ruarobot/perturbations_0.onnx,vnnlib/ruarobot/hyperrectangle_2951.vnnlib,20
onnx/ruarobot/perturbations_0.onnx,vnnlib/ruarobot/hyperrectangle_2991.vnnlib,20
onnx/ruarobot/perturbations_0.onnx,vnnlib/ruarobot/hyperrectangle_966.vnnlib,20
onnx/ruarobot/perturbations_0.onnx,vnnlib/ruarobot/hyperrectangle_6420.vnnlib,20
onnx/ruarobot/perturbations_0.onnx,vnnlib/ruarobot/hyperrectangle_4168.vnnlib,20
onnx/ruarobot/perturbations_0.onnx,vnnlib/ruarobot/hyperrectangle_6557.vnnlib,20
onnx/ruarobot/perturbations_0.onnx,vnnlib/ruarobot/hyperrectangle_7471.vnnlib,20
onnx/ruarobot/perturbations_0.onnx,vnnlib/ruarobot/hyperrectangle_4523.vnnlib,20
onnx/ruarobot/perturbations_0.onnx,vnnlib/ruarobot/hyperrectangle_1314.vnnlib,20
onnx/ruarobot/perturbations_0.onnx,vnnlib/ruarobot/hyperrectangle_7235.vnnlib,20
onnx/ruarobot/perturbations_0.onnx,vnnlib/ruarobot/hyperrectangle_5622.vnnlib,20
onnx/ruarobot/perturbations_0.onnx,vnnlib/ruarobot/hyperrectangle_1975.vnnlib,20
onnx/ruarobot/perturbations_0.onnx,vnnlib/ruarobot/hyperrectangle_3687.vnnlib,20
onnx/medical/perturbations_0.onnx,vnnlib/medical/hyperrectangle_25.vnnlib,20
onnx/ruarobot/perturbations_0.onnx,vnnlib/ruarobot/hyperrectangle_7890.vnnlib,20
onnx/medical/perturbations_0.onnx,vnnlib/medical/hyperrectangle_428.vnnlib,20
onnx/ruarobot/perturbations_0.onnx,vnnlib/ruarobot/hyperrectangle_7126.vnnlib,20
onnx/ruarobot/perturbations_0.onnx,vnnlib/ruarobot/hyperrectangle_1346.vnnlib,20
onnx/ruarobot/perturbations_0.onnx,vnnlib/ruarobot/hyperrectangle_6652.vnnlib,20
onnx/ruarobot/perturbations_0.onnx,vnnlib/ruarobot/hyperrectangle_4517.vnnlib,20
onnx/ruarobot/perturbations_0.onnx,vnnlib/ruarobot/hyperrectangle_1576.vnnlib,20
onnx/ruarobot/perturbations_0.onnx,vnnlib/ruarobot/hyperrectangle_2203.vnnlib,20
onnx/ruarobot/perturbations_0.onnx,vnnlib/ruarobot/hyperrectangle_1093.vnnlib,20
onnx/medical/perturbations_0.onnx,vnnlib/medical/hyperrectangle_629.vnnlib,20
onnx/ruarobot/perturbations_0.onnx,vnnlib/ruarobot/hyperrectangle_5561.vnnlib,20
onnx/ruarobot/perturbations_0.onnx,vnnlib/ruarobot/hyperrectangle_2286.vnnlib,20
onnx/ruarobot/perturbations_0.onnx,vnnlib/ruarobot/hyperrectangle_7319.vnnlib,20
onnx/ruarobot/perturbations_0.onnx,vnnlib/ruarobot/hyperrectangle_7067.vnnlib,20
onnx/ruarobot/perturbations_0.onnx,vnnlib/ruarobot/hyperrectangle_1915.vnnlib,20
onnx/ruarobot/perturbations_0.onnx,vnnlib/ruarobot/hyperrectangle_1356.vnnlib,20
onnx/ruarobot/perturbations_0.onnx,vnnlib/ruarobot/hyperrectangle_1441.vnnlib,20
onnx/medical/perturbations_0.onnx,vnnlib/medical/hyperrectangle_2157.vnnlib,20
onnx/medical/perturbations_0.onnx,vnnlib/medical/hyperrectangle_2823.vnnlib,20
onnx/ruarobot/perturbations_0.onnx,vnnlib/ruarobot/hyperrectangle_1454.vnnlib,20
onnx/ruarobot/perturbations_0.onnx,vnnlib/ruarobot/hyperrectangle_1974.vnnlib,20
onnx/ruarobot/perturbations_0.onnx,vnnlib/ruarobot/hyperrectangle_767.vnnlib,20
onnx/ruarobot/perturbations_0.onnx,vnnlib/ruarobot/hyperrectangle_6836.vnnlib,20
onnx/ruarobot/perturbations_0.onnx,vnnlib/ruarobot/hyperrectangle_4546.vnnlib,20
onnx/ruarobot/perturbations_0.onnx,vnnlib/ruarobot/hyperrectangle_1650.vnnlib,20
onnx/ruarobot/perturbations_0.onnx,vnnlib/ruarobot/hyperrectangle_462.vnnlib,20
onnx/ruarobot/perturbations_0.onnx,vnnlib/ruarobot/hyperrectangle_4364.vnnlib,20
onnx/ruarobot/perturbations_0.onnx,vnnlib/ruarobot/hyperrectangle_1447.vnnlib,20
onnx/ruarobot/perturbations_0.onnx,vnnlib/ruarobot/hyperrectangle_5237.vnnlib,20
onnx/ruarobot/perturbations_0.onnx,vnnlib/ruarobot/hyperrectangle_7173.vnnlib,20
onnx/medical/perturbations_0.onnx,vnnlib/medical/hyperrectangle_470.vnnlib,20
onnx/medical/perturbations_0.onnx,vnnlib/medical/hyperrectangle_896.vnnlib,20
onnx/medical/perturbations_0.onnx,vnnlib/medical/hyperrectangle_1673.vnnlib,20
onnx/ruarobot/perturbations_0.onnx,vnnlib/ruarobot/hyperrectangle_722.vnnlib,20
onnx/ruarobot/perturbations_0.onnx,vnnlib/ruarobot/hyperrectangle_3356.vnnlib,20
onnx/ruarobot/perturbations_0.onnx,vnnlib/ruarobot/hyperrectangle_629.vnnlib,20
onnx/medical/perturbations_0.onnx,vnnlib/medical/hyperrectangle_1627.vnnlib,20
onnx/ruarobot/perturbations_0.onnx,vnnlib/ruarobot/hyperrectangle_4208.vnnlib,20
onnx/ruarobot/perturbations_0.onnx,vnnlib/ruarobot/hyperrectangle_5824.vnnlib,20
onnx/ruarobot/perturbations_0.onnx,vnnlib/ruarobot/hyperrectangle_4241.vnnlib,20
onnx/ruarobot/perturbations_0.onnx,vnnlib/ruarobot/hyperrectangle_4962.vnnlib,20
onnx/ruarobot/perturbations_0.onnx,vnnlib/ruarobot/hyperrectangle_928.vnnlib,20
onnx/medical/perturbations_0.onnx,vnnlib/medical/hyperrectangle_92.vnnlib,20
onnx/medical/perturbations_0.onnx,vnnlib/medical/hyperrectangle_2883.vnnlib,20
onnx/ruarobot/perturbations_0.onnx,vnnlib/ruarobot/hyperrectangle_4954.vnnlib,20
onnx/ruarobot/perturbations_0.onnx,vnnlib/ruarobot/hyperrectangle_1513.vnnlib,20
onnx/ruarobot/perturbations_0.onnx,vnnlib/ruarobot/hyperrectangle_3911.vnnlib,20
onnx/ruarobot/perturbations_0.onnx,vnnlib/ruarobot/hyperrectangle_6341.vnnlib,20
onnx/medical/perturbations_0.onnx,vnnlib/medical/hyperrectangle_674.vnnlib,20
onnx/medical/perturbations_0.onnx,vnnlib/medical/hyperrectangle_1661.vnnlib,20
onnx/medical/perturbations_0.onnx,vnnlib/medical/hyperrectangle_2840.vnnlib,20
onnx/ruarobot/perturbations_0.onnx,vnnlib/ruarobot/hyperrectangle_2500.vnnlib,20
onnx/ruarobot/perturbations_0.onnx,vnnlib/ruarobot/hyperrectangle_6726.vnnlib,20
onnx/ruarobot/perturbations_0.onnx,vnnlib/ruarobot/hyperrectangle_4754.vnnlib,20
onnx/medical/perturbations_0.onnx,vnnlib/medical/hyperrectangle_2239.vnnlib,20
onnx/ruarobot/perturbations_0.onnx,vnnlib/ruarobot/hyperrectangle_6600.vnnlib,20
onnx/ruarobot/perturbations_0.onnx,vnnlib/ruarobot/hyperrectangle_3940.vnnlib,20
onnx/ruarobot/perturbations_0.onnx,vnnlib/ruarobot/hyperrectangle_7454.vnnlib,20
onnx/medical/perturbations_0.onnx,vnnlib/medical/hyperrectangle_930.vnnlib,20
onnx/medical/perturbations_0.onnx,vnnlib/medical/hyperrectangle_2472.vnnlib,20
onnx/medical/perturbations_0.onnx,vnnlib/medical/hyperrectangle_567.vnnlib,20
onnx/medical/perturbations_0.onnx,vnnlib/medical/hyperrectangle_1128.vnnlib,20
onnx/ruarobot/perturbations_0.onnx,vnnlib/ruarobot/hyperrectangle_7657.vnnlib,20
onnx/ruarobot/perturbations_0.onnx,vnnlib/ruarobot/hyperrectangle_532.vnnlib,20
onnx/ruarobot/perturbations_0.onnx,vnnlib/ruarobot/hyperrectangle_4279.vnnlib,20
onnx/ruarobot/perturbations_0.onnx,vnnlib/ruarobot/hyperrectangle_984.vnnlib,20
onnx/ruarobot/perturbations_0.onnx,vnnlib/ruarobot/hyperrectangle_7362.vnnlib,20
onnx/ruarobot/perturbations_0.onnx,vnnlib/ruarobot/hyperrectangle_4513.vnnlib,20
onnx/medical/perturbations_0.onnx,vnnlib/medical/hyperrectangle_170.vnnlib,20
onnx/ruarobot/perturbations_0.onnx,vnnlib/ruarobot/hyperrectangle_4960.vnnlib,20
onnx/ruarobot/perturbations_0.onnx,vnnlib/ruarobot/hyperrectangle_2788.vnnlib,20
onnx/medical/perturbations_0.onnx,vnnlib/medical/hyperrectangle_2652.vnnlib,20
onnx/ruarobot/perturbations_0.onnx,vnnlib/ruarobot/hyperrectangle_2449.vnnlib,20
onnx/ruarobot/perturbations_0.onnx,vnnlib/ruarobot/hyperrectangle_328.vnnlib,20
onnx/ruarobot/perturbations_0.onnx,vnnlib/ruarobot/hyperrectangle_4884.vnnlib,20
onnx/medical/perturbations_0.onnx,vnnlib/medical/hyperrectangle_1914.vnnlib,20
onnx/ruarobot/perturbations_0.onnx,vnnlib/ruarobot/hyperrectangle_1240.vnnlib,20
onnx/ruarobot/perturbations_0.onnx,vnnlib/ruarobot/hyperrectangle_4557.vnnlib,20
onnx/medical/perturbations_0.onnx,vnnlib/medical/hyperrectangle_81.vnnlib,20
onnx/ruarobot/perturbations_0.onnx,vnnlib/ruarobot/hyperrectangle_5930.vnnlib,20
onnx/ruarobot/perturbations_0.onnx,vnnlib/ruarobot/hyperrectangle_5260.vnnlib,20
onnx/ruarobot/perturbations_0.onnx,vnnlib/ruarobot/hyperrectangle_3298.vnnlib,20
onnx/medical/perturbations_0.onnx,vnnlib/medical/hyperrectangle_2861.vnnlib,20
onnx/medical/perturbations_0.onnx,vnnlib/medical/hyperrectangle_1324.vnnlib,20
onnx/ruarobot/perturbations_0.onnx,vnnlib/ruarobot/hyperrectangle_5695.vnnlib,20
onnx/medical/perturbations_0.onnx,vnnlib/medical/hyperrectangle_10.vnnlib,20
onnx/ruarobot/perturbations_0.onnx,vnnlib/ruarobot/hyperrectangle_2962.vnnlib,20
onnx/ruarobot/perturbations_0.onnx,vnnlib/ruarobot/hyperrectangle_4599.vnnlib,20
onnx/ruarobot/perturbations_0.onnx,vnnlib/ruarobot/hyperrectangle_4859.vnnlib,20
onnx/ruarobot/perturbations_0.onnx,vnnlib/ruarobot/hyperrectangle_6983.vnnlib,20
onnx/ruarobot/perturbations_0.onnx,vnnlib/ruarobot/hyperrectangle_5929.vnnlib,20
onnx/ruarobot/perturbations_0.onnx,vnnlib/ruarobot/hyperrectangle_2513.vnnlib,20
onnx/medical/perturbations_0.onnx,vnnlib/medical/hyperrectangle_807.vnnlib,20
onnx/ruarobot/perturbations_0.onnx,vnnlib/ruarobot/hyperrectangle_7156.vnnlib,20
onnx/medical/perturbations_0.onnx,vnnlib/medical/hyperrectangle_451.vnnlib,20
onnx/ruarobot/perturbations_0.onnx,vnnlib/ruarobot/hyperrectangle_1419.vnnlib,20
onnx/medical/perturbations_0.onnx,vnnlib/medical/hyperrectangle_286.vnnlib,20
onnx/ruarobot/perturbations_0.onnx,vnnlib/ruarobot/hyperrectangle_1295.vnnlib,20
onnx/medical/perturbations_0.onnx,vnnlib/medical/hyperrectangle_2847.vnnlib,20
onnx/ruarobot/perturbations_0.onnx,vnnlib/ruarobot/hyperrectangle_7152.vnnlib,20
onnx/ruarobot/perturbations_0.onnx,vnnlib/ruarobot/hyperrectangle_4518.vnnlib,20
onnx/medical/perturbations_0.onnx,vnnlib/medical/hyperrectangle_2459.vnnlib,20
onnx/ruarobot/perturbations_0.onnx,vnnlib/ruarobot/hyperrectangle_1722.vnnlib,20
onnx/medical/perturbations_0.onnx,vnnlib/medical/hyperrectangle_2567.vnnlib,20
onnx/ruarobot/perturbations_0.onnx,vnnlib/ruarobot/hyperrectangle_5050.vnnlib,20
onnx/ruarobot/perturbations_0.onnx,vnnlib/ruarobot/hyperrectangle_683.vnnlib,20
onnx/ruarobot/perturbations_0.onnx,vnnlib/ruarobot/hyperrectangle_3354.vnnlib,20
onnx/ruarobot/perturbations_0.onnx,vnnlib/ruarobot/hyperrectangle_1552.vnnlib,20
onnx/medical/perturbations_0.onnx,vnnlib/medical/hyperrectangle_1948.vnnlib,20
onnx/ruarobot/perturbations_0.onnx,vnnlib/ruarobot/hyperrectangle_7339.vnnlib,20
onnx/ruarobot/perturbations_0.onnx,vnnlib/ruarobot/hyperrectangle_1968.vnnlib,20
onnx/medical/perturbations_0.onnx,vnnlib/medical/hyperrectangle_236.vnnlib,20
onnx/ruarobot/perturbations_0.onnx,vnnlib/ruarobot/hyperrectangle_666.vnnlib,20
onnx/ruarobot/perturbations_0.onnx,vnnlib/ruarobot/hyperrectangle_6671.vnnlib,20
onnx/medical/perturbations_0.onnx,vnnlib/medical/hyperrectangle_855.vnnlib,20
onnx/medical/perturbations_0.onnx,vnnlib/medical/hyperrectangle_1174.vnnlib,20
onnx/ruarobot/perturbations_0.onnx,vnnlib/ruarobot/hyperrectangle_694.vnnlib,20
onnx/ruarobot/perturbations_0.onnx,vnnlib/ruarobot/hyperrectangle_6609.vnnlib,20
onnx/medical/perturbations_0.onnx,vnnlib/medical/hyperrectangle_512.vnnlib,20
onnx/ruarobot/perturbations_0.onnx,vnnlib/ruarobot/hyperrectangle_4747.vnnlib,20
onnx/medical/perturbations_0.onnx,vnnlib/medical/hyperrectangle_2324.vnnlib,20
onnx/medical/perturbations_0.onnx,vnnlib/medical/hyperrectangle_2754.vnnlib,20
onnx/ruarobot/perturbations_0.onnx,vnnlib/ruarobot/hyperrectangle_6221.vnnlib,20
onnx/ruarobot/perturbations_0.onnx,vnnlib/ruarobot/hyperrectangle_3916.vnnlib,20
onnx/ruarobot/perturbations_0.onnx,vnnlib/ruarobot/hyperrectangle_5372.vnnlib,20
onnx/ruarobot/perturbations_0.onnx,vnnlib/ruarobot/hyperrectangle_7757.vnnlib,20
onnx/medical/perturbations_0.onnx,vnnlib/medical/hyperrectangle_812.vnnlib,20
onnx/ruarobot/perturbations_0.onnx,vnnlib/ruarobot/hyperrectangle_5259.vnnlib,20
onnx/medical/perturbations_0.onnx,vnnlib/medical/hyperrectangle_1638.vnnlib,20
onnx/ruarobot/perturbations_0.onnx,vnnlib/ruarobot/hyperrectangle_4215.vnnlib,20
onnx/ruarobot/perturbations_0.onnx,vnnlib/ruarobot/hyperrectangle_2107.vnnlib,20
onnx/medical/perturbations_0.onnx,vnnlib/medical/hyperrectangle_1262.vnnlib,20
onnx/ruarobot/perturbations_0.onnx,vnnlib/ruarobot/hyperrectangle_5940.vnnlib,20
onnx/ruarobot/perturbations_0.onnx,vnnlib/ruarobot/hyperrectangle_5965.vnnlib,20
onnx/ruarobot/perturbations_0.onnx,vnnlib/ruarobot/hyperrectangle_4380.vnnlib,20
onnx/medical/perturbations_0.onnx,vnnlib/medical/hyperrectangle_522.vnnlib,20
onnx/ruarobot/perturbations_0.onnx,vnnlib/ruarobot/hyperrectangle_1871.vnnlib,20
onnx/ruarobot/perturbations_0.onnx,vnnlib/ruarobot/hyperrectangle_6431.vnnlib,20
onnx/ruarobot/perturbations_0.onnx,vnnlib/ruarobot/hyperrectangle_3686.vnnlib,20
onnx/ruarobot/perturbations_0.onnx,vnnlib/ruarobot/hyperrectangle_6912.vnnlib,20
onnx/ruarobot/perturbations_0.onnx,vnnlib/ruarobot/hyperrectangle_5773.vnnlib,20
onnx/ruarobot/perturbations_0.onnx,vnnlib/ruarobot/hyperrectangle_5200.vnnlib,20
onnx/medical/perturbations_0.onnx,vnnlib/medical/hyperrectangle_667.vnnlib,20
onnx/medical/perturbations_0.onnx,vnnlib/medical/hyperrectangle_1273.vnnlib,20
onnx/ruarobot/perturbations_0.onnx,vnnlib/ruarobot/hyperrectangle_6433.vnnlib,20
onnx/ruarobot/perturbations_0.onnx,vnnlib/ruarobot/hyperrectangle_6250.vnnlib,20
onnx/ruarobot/perturbations_0.onnx,vnnlib/ruarobot/hyperrectangle_38.vnnlib,20
onnx/ruarobot/perturbations_0.onnx,vnnlib/ruarobot/hyperrectangle_5287.vnnlib,20
onnx/medical/perturbations_0.onnx,vnnlib/medical/hyperrectangle_1440.vnnlib,20
onnx/medical/perturbations_0.onnx,vnnlib/medical/hyperrectangle_1572.vnnlib,20
onnx/ruarobot/perturbations_0.onnx,vnnlib/ruarobot/hyperrectangle_3602.vnnlib,20
onnx/medical/perturbations_0.onnx,vnnlib/medical/hyperrectangle_981.vnnlib,20
onnx/ruarobot/perturbations_0.onnx,vnnlib/ruarobot/hyperrectangle_5836.vnnlib,20
onnx/ruarobot/perturbations_0.onnx,vnnlib/ruarobot/hyperrectangle_6512.vnnlib,20
onnx/ruarobot/perturbations_0.onnx,vnnlib/ruarobot/hyperrectangle_4910.vnnlib,20
onnx/ruarobot/perturbations_0.onnx,vnnlib/ruarobot/hyperrectangle_7714.vnnlib,20
onnx/ruarobot/perturbations_0.onnx,vnnlib/ruarobot/hyperrectangle_3890.vnnlib,20
onnx/medical/perturbations_0.onnx,vnnlib/medical/hyperrectangle_329.vnnlib,20
onnx/ruarobot/perturbations_0.onnx,vnnlib/ruarobot/hyperrectangle_2012.vnnlib,20
onnx/medical/perturbations_0.onnx,vnnlib/medical/hyperrectangle_1536.vnnlib,20
onnx/medical/perturbations_0.onnx,vnnlib/medical/hyperrectangle_1254.vnnlib,20
onnx/medical/perturbations_0.onnx,vnnlib/medical/hyperrectangle_1527.vnnlib,20
onnx/ruarobot/perturbations_0.onnx,vnnlib/ruarobot/hyperrectangle_923.vnnlib,20
onnx/medical/perturbations_0.onnx,vnnlib/medical/hyperrectangle_2445.vnnlib,20
onnx/ruarobot/perturbations_0.onnx,vnnlib/ruarobot/hyperrectangle_7802.vnnlib,20
onnx/ruarobot/perturbations_0.onnx,vnnlib/ruarobot/hyperrectangle_6524.vnnlib,20
onnx/ruarobot/perturbations_0.onnx,vnnlib/ruarobot/hyperrectangle_3212.vnnlib,20
onnx/ruarobot/perturbations_0.onnx,vnnlib/ruarobot/hyperrectangle_7468.vnnlib,20
onnx/ruarobot/perturbations_0.onnx,vnnlib/ruarobot/hyperrectangle_4197.vnnlib,20
onnx/ruarobot/perturbations_0.onnx,vnnlib/ruarobot/hyperrectangle_588.vnnlib,20
onnx/ruarobot/perturbations_0.onnx,vnnlib/ruarobot/hyperrectangle_5390.vnnlib,20
onnx/ruarobot/perturbations_0.onnx,vnnlib/ruarobot/hyperrectangle_1396.vnnlib,20
onnx/ruarobot/perturbations_0.onnx,vnnlib/ruarobot/hyperrectangle_6999.vnnlib,20
onnx/ruarobot/perturbations_0.onnx,vnnlib/ruarobot/hyperrectangle_7862.vnnlib,20
onnx/ruarobot/perturbations_0.onnx,vnnlib/ruarobot/hyperrectangle_5803.vnnlib,20
onnx/ruarobot/perturbations_0.onnx,vnnlib/ruarobot/hyperrectangle_4392.vnnlib,20
onnx/ruarobot/perturbations_0.onnx,vnnlib/ruarobot/hyperrectangle_2545.vnnlib,20
onnx/ruarobot/perturbations_0.onnx,vnnlib/ruarobot/hyperrectangle_4356.vnnlib,20
onnx/ruarobot/perturbations_0.onnx,vnnlib/ruarobot/hyperrectangle_5392.vnnlib,20
onnx/ruarobot/perturbations_0.onnx,vnnlib/ruarobot/hyperrectangle_3765.vnnlib,20
onnx/ruarobot/perturbations_0.onnx,vnnlib/ruarobot/hyperrectangle_5064.vnnlib,20
onnx/ruarobot/perturbations_0.onnx,vnnlib/ruarobot/hyperrectangle_4825.vnnlib,20
onnx/ruarobot/perturbations_0.onnx,vnnlib/ruarobot/hyperrectangle_6754.vnnlib,20
onnx/ruarobot/perturbations_0.onnx,vnnlib/ruarobot/hyperrectangle_2806.vnnlib,20
onnx/ruarobot/perturbations_0.onnx,vnnlib/ruarobot/hyperrectangle_2921.vnnlib,20
onnx/ruarobot/perturbations_0.onnx,vnnlib/ruarobot/hyperrectangle_4082.vnnlib,20
onnx/ruarobot/perturbations_0.onnx,vnnlib/ruarobot/hyperrectangle_595.vnnlib,20
onnx/ruarobot/perturbations_0.onnx,vnnlib/ruarobot/hyperrectangle_3660.vnnlib,20
onnx/ruarobot/perturbations_0.onnx,vnnlib/ruarobot/hyperrectangle_5769.vnnlib,20
onnx/medical/perturbations_0.onnx,vnnlib/medical/hyperrectangle_30.vnnlib,20
onnx/ruarobot/perturbations_0.onnx,vnnlib/ruarobot/hyperrectangle_6401.vnnlib,20
onnx/ruarobot/perturbations_0.onnx,vnnlib/ruarobot/hyperrectangle_4459.vnnlib,20
onnx/ruarobot/perturbations_0.onnx,vnnlib/ruarobot/hyperrectangle_3630.vnnlib,20
onnx/medical/perturbations_0.onnx,vnnlib/medical/hyperrectangle_1862.vnnlib,20
onnx/ruarobot/perturbations_0.onnx,vnnlib/ruarobot/hyperrectangle_1718.vnnlib,20
onnx/ruarobot/perturbations_0.onnx,vnnlib/ruarobot/hyperrectangle_5840.vnnlib,20
onnx/medical/perturbations_0.onnx,vnnlib/medical/hyperrectangle_2694.vnnlib,20
onnx/medical/perturbations_0.onnx,vnnlib/medical/hyperrectangle_202.vnnlib,20
onnx/ruarobot/perturbations_0.onnx,vnnlib/ruarobot/hyperrectangle_3827.vnnlib,20
onnx/medical/perturbations_0.onnx,vnnlib/medical/hyperrectangle_2338.vnnlib,20
onnx/ruarobot/perturbations_0.onnx,vnnlib/ruarobot/hyperrectangle_7213.vnnlib,20
onnx/ruarobot/perturbations_0.onnx,vnnlib/ruarobot/hyperrectangle_4531.vnnlib,20
onnx/ruarobot/perturbations_0.onnx,vnnlib/ruarobot/hyperrectangle_1445.vnnlib,20
onnx/ruarobot/perturbations_0.onnx,vnnlib/ruarobot/hyperrectangle_2965.vnnlib,20
onnx/ruarobot/perturbations_0.onnx,vnnlib/ruarobot/hyperrectangle_4129.vnnlib,20
onnx/ruarobot/perturbations_0.onnx,vnnlib/ruarobot/hyperrectangle_4679.vnnlib,20
onnx/medical/perturbations_0.onnx,vnnlib/medical/hyperrectangle_1150.vnnlib,20
onnx/medical/perturbations_0.onnx,vnnlib/medical/hyperrectangle_788.vnnlib,20
onnx/ruarobot/perturbations_0.onnx,vnnlib/ruarobot/hyperrectangle_5906.vnnlib,20
onnx/ruarobot/perturbations_0.onnx,vnnlib/ruarobot/hyperrectangle_4819.vnnlib,20
onnx/ruarobot/perturbations_0.onnx,vnnlib/ruarobot/hyperrectangle_2168.vnnlib,20
onnx/ruarobot/perturbations_0.onnx,vnnlib/ruarobot/hyperrectangle_4124.vnnlib,20
onnx/ruarobot/perturbations_0.onnx,vnnlib/ruarobot/hyperrectangle_5877.vnnlib,20
onnx/medical/perturbations_0.onnx,vnnlib/medical/hyperrectangle_611.vnnlib,20
onnx/ruarobot/perturbations_0.onnx,vnnlib/ruarobot/hyperrectangle_4329.vnnlib,20
onnx/medical/perturbations_0.onnx,vnnlib/medical/hyperrectangle_1111.vnnlib,20
onnx/ruarobot/perturbations_0.onnx,vnnlib/ruarobot/hyperrectangle_6139.vnnlib,20
onnx/ruarobot/perturbations_0.onnx,vnnlib/ruarobot/hyperrectangle_2542.vnnlib,20
onnx/ruarobot/perturbations_0.onnx,vnnlib/ruarobot/hyperrectangle_2646.vnnlib,20
onnx/medical/perturbations_0.onnx,vnnlib/medical/hyperrectangle_1163.vnnlib,20
onnx/ruarobot/perturbations_0.onnx,vnnlib/ruarobot/hyperrectangle_1692.vnnlib,20
onnx/ruarobot/perturbations_0.onnx,vnnlib/ruarobot/hyperrectangle_785.vnnlib,20
onnx/medical/perturbations_0.onnx,vnnlib/medical/hyperrectangle_523.vnnlib,20
onnx/ruarobot/perturbations_0.onnx,vnnlib/ruarobot/hyperrectangle_1423.vnnlib,20
onnx/medical/perturbations_0.onnx,vnnlib/medical/hyperrectangle_2202.vnnlib,20
onnx/ruarobot/perturbations_0.onnx,vnnlib/ruarobot/hyperrectangle_4387.vnnlib,20
onnx/ruarobot/perturbations_0.onnx,vnnlib/ruarobot/hyperrectangle_3324.vnnlib,20
onnx/medical/perturbations_0.onnx,vnnlib/medical/hyperrectangle_2127.vnnlib,20
onnx/ruarobot/perturbations_0.onnx,vnnlib/ruarobot/hyperrectangle_3882.vnnlib,20
onnx/medical/perturbations_0.onnx,vnnlib/medical/hyperrectangle_2284.vnnlib,20
onnx/ruarobot/perturbations_0.onnx,vnnlib/ruarobot/hyperrectangle_6777.vnnlib,20
onnx/ruarobot/perturbations_0.onnx,vnnlib/ruarobot/hyperrectangle_4235.vnnlib,20
onnx/ruarobot/perturbations_0.onnx,vnnlib/ruarobot/hyperrectangle_4904.vnnlib,20
onnx/ruarobot/perturbations_0.onnx,vnnlib/ruarobot/hyperrectangle_5047.vnnlib,20
onnx/ruarobot/perturbations_0.onnx,vnnlib/ruarobot/hyperrectangle_3047.vnnlib,20
onnx/ruarobot/perturbations_0.onnx,vnnlib/ruarobot/hyperrectangle_5012.vnnlib,20
onnx/medical/perturbations_0.onnx,vnnlib/medical/hyperrectangle_1272.vnnlib,20
onnx/ruarobot/perturbations_0.onnx,vnnlib/ruarobot/hyperrectangle_3552.vnnlib,20
onnx/ruarobot/perturbations_0.onnx,vnnlib/ruarobot/hyperrectangle_1504.vnnlib,20
onnx/ruarobot/perturbations_0.onnx,vnnlib/ruarobot/hyperrectangle_1291.vnnlib,20
onnx/ruarobot/perturbations_0.onnx,vnnlib/ruarobot/hyperrectangle_4653.vnnlib,20
onnx/ruarobot/perturbations_0.onnx,vnnlib/ruarobot/hyperrectangle_3586.vnnlib,20
onnx/ruarobot/perturbations_0.onnx,vnnlib/ruarobot/hyperrectangle_2726.vnnlib,20
onnx/medical/perturbations_0.onnx,vnnlib/medical/hyperrectangle_1511.vnnlib,20
onnx/ruarobot/perturbations_0.onnx,vnnlib/ruarobot/hyperrectangle_294.vnnlib,20
onnx/medical/perturbations_0.onnx,vnnlib/medical/hyperrectangle_939.vnnlib,20
onnx/ruarobot/perturbations_0.onnx,vnnlib/ruarobot/hyperrectangle_5640.vnnlib,20
onnx/ruarobot/perturbations_0.onnx,vnnlib/ruarobot/hyperrectangle_3502.vnnlib,20
onnx/ruarobot/perturbations_0.onnx,vnnlib/ruarobot/hyperrectangle_5620.vnnlib,20
onnx/ruarobot/perturbations_0.onnx,vnnlib/ruarobot/hyperrectangle_5711.vnnlib,20
onnx/ruarobot/perturbations_0.onnx,vnnlib/ruarobot/hyperrectangle_7050.vnnlib,20
onnx/ruarobot/perturbations_0.onnx,vnnlib/ruarobot/hyperrectangle_3645.vnnlib,20
onnx/medical/perturbations_0.onnx,vnnlib/medical/hyperrectangle_439.vnnlib,20
onnx/ruarobot/perturbations_0.onnx,vnnlib/ruarobot/hyperrectangle_7776.vnnlib,20
onnx/medical/perturbations_0.onnx,vnnlib/medical/hyperrectangle_859.vnnlib,20
onnx/ruarobot/perturbations_0.onnx,vnnlib/ruarobot/hyperrectangle_1917.vnnlib,20
onnx/ruarobot/perturbations_0.onnx,vnnlib/ruarobot/hyperrectangle_2251.vnnlib,20
onnx/ruarobot/perturbations_0.onnx,vnnlib/ruarobot/hyperrectangle_318.vnnlib,20
onnx/ruarobot/perturbations_0.onnx,vnnlib/ruarobot/hyperrectangle_5093.vnnlib,20
onnx/medical/perturbations_0.onnx,vnnlib/medical/hyperrectangle_1216.vnnlib,20
onnx/ruarobot/perturbations_0.onnx,vnnlib/ruarobot/hyperrectangle_3219.vnnlib,20
onnx/ruarobot/perturbations_0.onnx,vnnlib/ruarobot/hyperrectangle_7247.vnnlib,20
onnx/ruarobot/perturbations_0.onnx,vnnlib/ruarobot/hyperrectangle_3471.vnnlib,20
onnx/ruarobot/perturbations_0.onnx,vnnlib/ruarobot/hyperrectangle_1962.vnnlib,20
onnx/ruarobot/perturbations_0.onnx,vnnlib/ruarobot/hyperrectangle_5982.vnnlib,20
onnx/ruarobot/perturbations_0.onnx,vnnlib/ruarobot/hyperrectangle_1841.vnnlib,20
onnx/medical/perturbations_0.onnx,vnnlib/medical/hyperrectangle_2442.vnnlib,20
onnx/ruarobot/perturbations_0.onnx,vnnlib/ruarobot/hyperrectangle_6797.vnnlib,20
onnx/ruarobot/perturbations_0.onnx,vnnlib/ruarobot/hyperrectangle_3157.vnnlib,20
onnx/ruarobot/perturbations_0.onnx,vnnlib/ruarobot/hyperrectangle_1155.vnnlib,20
onnx/ruarobot/perturbations_0.onnx,vnnlib/ruarobot/hyperrectangle_581.vnnlib,20
onnx/medical/perturbations_0.onnx,vnnlib/medical/hyperrectangle_2494.vnnlib,20
onnx/ruarobot/perturbations_0.onnx,vnnlib/ruarobot/hyperrectangle_1735.vnnlib,20
onnx/medical/perturbations_0.onnx,vnnlib/medical/hyperrectangle_1354.vnnlib,20
onnx/ruarobot/perturbations_0.onnx,vnnlib/ruarobot/hyperrectangle_6187.vnnlib,20
onnx/ruarobot/perturbations_0.onnx,vnnlib/ruarobot/hyperrectangle_4254.vnnlib,20
onnx/ruarobot/perturbations_0.onnx,vnnlib/ruarobot/hyperrectangle_4146.vnnlib,20
onnx/ruarobot/perturbations_0.onnx,vnnlib/ruarobot/hyperrectangle_3252.vnnlib,20
onnx/ruarobot/perturbations_0.onnx,vnnlib/ruarobot/hyperrectangle_2913.vnnlib,20
onnx/ruarobot/perturbations_0.onnx,vnnlib/ruarobot/hyperrectangle_2067.vnnlib,20
onnx/ruarobot/perturbations_0.onnx,vnnlib/ruarobot/hyperrectangle_1119.vnnlib,20
onnx/ruarobot/perturbations_0.onnx,vnnlib/ruarobot/hyperrectangle_6889.vnnlib,20
onnx/ruarobot/perturbations_0.onnx,vnnlib/ruarobot/hyperrectangle_3179.vnnlib,20
onnx/ruarobot/perturbations_0.onnx,vnnlib/ruarobot/hyperrectangle_4005.vnnlib,20
onnx/ruarobot/perturbations_0.onnx,vnnlib/ruarobot/hyperrectangle_1442.vnnlib,20
onnx/ruarobot/perturbations_0.onnx,vnnlib/ruarobot/hyperrectangle_7658.vnnlib,20
onnx/ruarobot/perturbations_0.onnx,vnnlib/ruarobot/hyperrectangle_3856.vnnlib,20
onnx/ruarobot/perturbations_0.onnx,vnnlib/ruarobot/hyperrectangle_1009.vnnlib,20
onnx/ruarobot/perturbations_0.onnx,vnnlib/ruarobot/hyperrectangle_1920.vnnlib,20
onnx/medical/perturbations_0.onnx,vnnlib/medical/hyperrectangle_455.vnnlib,20
onnx/ruarobot/perturbations_0.onnx,vnnlib/ruarobot/hyperrectangle_4090.vnnlib,20
onnx/ruarobot/perturbations_0.onnx,vnnlib/ruarobot/hyperrectangle_6989.vnnlib,20
onnx/ruarobot/perturbations_0.onnx,vnnlib/ruarobot/hyperrectangle_646.vnnlib,20
onnx/ruarobot/perturbations_0.onnx,vnnlib/ruarobot/hyperrectangle_3465.vnnlib,20
onnx/ruarobot/perturbations_0.onnx,vnnlib/ruarobot/hyperrectangle_5739.vnnlib,20
onnx/ruarobot/perturbations_0.onnx,vnnlib/ruarobot/hyperrectangle_7138.vnnlib,20
onnx/ruarobot/perturbations_0.onnx,vnnlib/ruarobot/hyperrectangle_7555.vnnlib,20
onnx/ruarobot/perturbations_0.onnx,vnnlib/ruarobot/hyperrectangle_5328.vnnlib,20
onnx/medical/perturbations_0.onnx,vnnlib/medical/hyperrectangle_1264.vnnlib,20
onnx/medical/perturbations_0.onnx,vnnlib/medical/hyperrectangle_183.vnnlib,20
onnx/ruarobot/perturbations_0.onnx,vnnlib/ruarobot/hyperrectangle_7091.vnnlib,20
onnx/ruarobot/perturbations_0.onnx,vnnlib/ruarobot/hyperrectangle_7090.vnnlib,20
onnx/ruarobot/perturbations_0.onnx,vnnlib/ruarobot/hyperrectangle_5292.vnnlib,20
onnx/ruarobot/perturbations_0.onnx,vnnlib/ruarobot/hyperrectangle_3587.vnnlib,20
onnx/medical/perturbations_0.onnx,vnnlib/medical/hyperrectangle_1590.vnnlib,20
onnx/medical/perturbations_0.onnx,vnnlib/medical/hyperrectangle_2042.vnnlib,20
onnx/ruarobot/perturbations_0.onnx,vnnlib/ruarobot/hyperrectangle_870.vnnlib,20
onnx/ruarobot/perturbations_0.onnx,vnnlib/ruarobot/hyperrectangle_4529.vnnlib,20
onnx/ruarobot/perturbations_0.onnx,vnnlib/ruarobot/hyperrectangle_3183.vnnlib,20
onnx/medical/perturbations_0.onnx,vnnlib/medical/hyperrectangle_664.vnnlib,20
onnx/ruarobot/perturbations_0.onnx,vnnlib/ruarobot/hyperrectangle_3724.vnnlib,20
onnx/ruarobot/perturbations_0.onnx,vnnlib/ruarobot/hyperrectangle_1927.vnnlib,20
onnx/ruarobot/perturbations_0.onnx,vnnlib/ruarobot/hyperrectangle_3663.vnnlib,20
onnx/ruarobot/perturbations_0.onnx,vnnlib/ruarobot/hyperrectangle_6661.vnnlib,20
onnx/medical/perturbations_0.onnx,vnnlib/medical/hyperrectangle_1595.vnnlib,20
onnx/ruarobot/perturbations_0.onnx,vnnlib/ruarobot/hyperrectangle_82.vnnlib,20
onnx/ruarobot/perturbations_0.onnx,vnnlib/ruarobot/hyperrectangle_778.vnnlib,20
onnx/medical/perturbations_0.onnx,vnnlib/medical/hyperrectangle_272.vnnlib,20
onnx/medical/perturbations_0.onnx,vnnlib/medical/hyperrectangle_157.vnnlib,20
onnx/ruarobot/perturbations_0.onnx,vnnlib/ruarobot/hyperrectangle_6871.vnnlib,20
onnx/ruarobot/perturbations_0.onnx,vnnlib/ruarobot/hyperrectangle_2981.vnnlib,20
onnx/ruarobot/perturbations_0.onnx,vnnlib/ruarobot/hyperrectangle_5488.vnnlib,20
onnx/medical/perturbations_0.onnx,vnnlib/medical/hyperrectangle_2446.vnnlib,20
onnx/ruarobot/perturbations_0.onnx,vnnlib/ruarobot/hyperrectangle_7914.vnnlib,20
onnx/ruarobot/perturbations_0.onnx,vnnlib/ruarobot/hyperrectangle_6697.vnnlib,20
onnx/ruarobot/perturbations_0.onnx,vnnlib/ruarobot/hyperrectangle_747.vnnlib,20
onnx/medical/perturbations_0.onnx,vnnlib/medical/hyperrectangle_1140.vnnlib,20
onnx/ruarobot/perturbations_0.onnx,vnnlib/ruarobot/hyperrectangle_5886.vnnlib,20
onnx/ruarobot/perturbations_0.onnx,vnnlib/ruarobot/hyperrectangle_2136.vnnlib,20
onnx/ruarobot/perturbations_0.onnx,vnnlib/ruarobot/hyperrectangle_4981.vnnlib,20
onnx/ruarobot/perturbations_0.onnx,vnnlib/ruarobot/hyperrectangle_3964.vnnlib,20
onnx/ruarobot/perturbations_0.onnx,vnnlib/ruarobot/hyperrectangle_188.vnnlib,20
onnx/medical/perturbations_0.onnx,vnnlib/medical/hyperrectangle_1177.vnnlib,20
onnx/medical/perturbations_0.onnx,vnnlib/medical/hyperrectangle_2076.vnnlib,20
onnx/ruarobot/perturbations_0.onnx,vnnlib/ruarobot/hyperrectangle_4097.vnnlib,20
onnx/ruarobot/perturbations_0.onnx,vnnlib/ruarobot/hyperrectangle_5073.vnnlib,20
onnx/medical/perturbations_0.onnx,vnnlib/medical/hyperrectangle_94.vnnlib,20
onnx/ruarobot/perturbations_0.onnx,vnnlib/ruarobot/hyperrectangle_350.vnnlib,20
onnx/ruarobot/perturbations_0.onnx,vnnlib/ruarobot/hyperrectangle_1310.vnnlib,20
onnx/ruarobot/perturbations_0.onnx,vnnlib/ruarobot/hyperrectangle_5436.vnnlib,20
onnx/ruarobot/perturbations_0.onnx,vnnlib/ruarobot/hyperrectangle_1374.vnnlib,20
onnx/ruarobot/perturbations_0.onnx,vnnlib/ruarobot/hyperrectangle_4968.vnnlib,20
onnx/ruarobot/perturbations_0.onnx,vnnlib/ruarobot/hyperrectangle_7426.vnnlib,20
onnx/ruarobot/perturbations_0.onnx,vnnlib/ruarobot/hyperrectangle_3961.vnnlib,20
onnx/medical/perturbations_0.onnx,vnnlib/medical/hyperrectangle_1912.vnnlib,20
onnx/ruarobot/perturbations_0.onnx,vnnlib/ruarobot/hyperrectangle_6365.vnnlib,20
onnx/ruarobot/perturbations_0.onnx,vnnlib/ruarobot/hyperrectangle_3057.vnnlib,20
onnx/ruarobot/perturbations_0.onnx,vnnlib/ruarobot/hyperrectangle_5283.vnnlib,20
onnx/ruarobot/perturbations_0.onnx,vnnlib/ruarobot/hyperrectangle_2217.vnnlib,20
onnx/ruarobot/perturbations_0.onnx,vnnlib/ruarobot/hyperrectangle_7001.vnnlib,20
onnx/medical/perturbations_0.onnx,vnnlib/medical/hyperrectangle_1923.vnnlib,20
onnx/ruarobot/perturbations_0.onnx,vnnlib/ruarobot/hyperrectangle_6724.vnnlib,20
onnx/medical/perturbations_0.onnx,vnnlib/medical/hyperrectangle_1086.vnnlib,20
onnx/ruarobot/perturbations_0.onnx,vnnlib/ruarobot/hyperrectangle_7037.vnnlib,20
onnx/ruarobot/perturbations_0.onnx,vnnlib/ruarobot/hyperrectangle_4174.vnnlib,20
onnx/medical/perturbations_0.onnx,vnnlib/medical/hyperrectangle_2802.vnnlib,20
onnx/ruarobot/perturbations_0.onnx,vnnlib/ruarobot/hyperrectangle_480.vnnlib,20
onnx/ruarobot/perturbations_0.onnx,vnnlib/ruarobot/hyperrectangle_2300.vnnlib,20
onnx/ruarobot/perturbations_0.onnx,vnnlib/ruarobot/hyperrectangle_6624.vnnlib,20
onnx/medical/perturbations_0.onnx,vnnlib/medical/hyperrectangle_320.vnnlib,20
onnx/ruarobot/perturbations_0.onnx,vnnlib/ruarobot/hyperrectangle_37.vnnlib,20
onnx/ruarobot/perturbations_0.onnx,vnnlib/ruarobot/hyperrectangle_505.vnnlib,20
onnx/ruarobot/perturbations_0.onnx,vnnlib/ruarobot/hyperrectangle_1428.vnnlib,20
onnx/medical/perturbations_0.onnx,vnnlib/medical/hyperrectangle_482.vnnlib,20
onnx/medical/perturbations_0.onnx,vnnlib/medical/hyperrectangle_2038.vnnlib,20
onnx/medical/perturbations_0.onnx,vnnlib/medical/hyperrectangle_2.vnnlib,20
onnx/ruarobot/perturbations_0.onnx,vnnlib/ruarobot/hyperrectangle_7847.vnnlib,20
onnx/medical/perturbations_0.onnx,vnnlib/medical/hyperrectangle_1101.vnnlib,20
onnx/medical/perturbations_0.onnx,vnnlib/medical/hyperrectangle_2719.vnnlib,20
onnx/medical/perturbations_0.onnx,vnnlib/medical/hyperrectangle_1553.vnnlib,20
onnx/ruarobot/perturbations_0.onnx,vnnlib/ruarobot/hyperrectangle_4596.vnnlib,20
onnx/ruarobot/perturbations_0.onnx,vnnlib/ruarobot/hyperrectangle_2644.vnnlib,20
onnx/ruarobot/perturbations_0.onnx,vnnlib/ruarobot/hyperrectangle_5029.vnnlib,20
onnx/ruarobot/perturbations_0.onnx,vnnlib/ruarobot/hyperrectangle_6150.vnnlib,20
onnx/ruarobot/perturbations_0.onnx,vnnlib/ruarobot/hyperrectangle_133.vnnlib,20
onnx/medical/perturbations_0.onnx,vnnlib/medical/hyperrectangle_2057.vnnlib,20
onnx/medical/perturbations_0.onnx,vnnlib/medical/hyperrectangle_296.vnnlib,20
onnx/ruarobot/perturbations_0.onnx,vnnlib/ruarobot/hyperrectangle_5147.vnnlib,20
onnx/ruarobot/perturbations_0.onnx,vnnlib/ruarobot/hyperrectangle_5004.vnnlib,20
onnx/ruarobot/perturbations_0.onnx,vnnlib/ruarobot/hyperrectangle_5933.vnnlib,20
onnx/ruarobot/perturbations_0.onnx,vnnlib/ruarobot/hyperrectangle_1706.vnnlib,20
onnx/ruarobot/perturbations_0.onnx,vnnlib/ruarobot/hyperrectangle_6262.vnnlib,20
onnx/ruarobot/perturbations_0.onnx,vnnlib/ruarobot/hyperrectangle_1299.vnnlib,20
onnx/medical/perturbations_0.onnx,vnnlib/medical/hyperrectangle_2581.vnnlib,20
onnx/ruarobot/perturbations_0.onnx,vnnlib/ruarobot/hyperrectangle_2070.vnnlib,20
onnx/medical/perturbations_0.onnx,vnnlib/medical/hyperrectangle_1265.vnnlib,20
onnx/ruarobot/perturbations_0.onnx,vnnlib/ruarobot/hyperrectangle_2966.vnnlib,20
onnx/ruarobot/perturbations_0.onnx,vnnlib/ruarobot/hyperrectangle_7110.vnnlib,20
onnx/ruarobot/perturbations_0.onnx,vnnlib/ruarobot/hyperrectangle_4047.vnnlib,20
onnx/ruarobot/perturbations_0.onnx,vnnlib/ruarobot/hyperrectangle_2988.vnnlib,20
onnx/ruarobot/perturbations_0.onnx,vnnlib/ruarobot/hyperrectangle_3554.vnnlib,20
onnx/ruarobot/perturbations_0.onnx,vnnlib/ruarobot/hyperrectangle_4347.vnnlib,20
onnx/medical/perturbations_0.onnx,vnnlib/medical/hyperrectangle_497.vnnlib,20
onnx/ruarobot/perturbations_0.onnx,vnnlib/ruarobot/hyperrectangle_7007.vnnlib,20
onnx/medical/perturbations_0.onnx,vnnlib/medical/hyperrectangle_2328.vnnlib,20
onnx/medical/perturbations_0.onnx,vnnlib/medical/hyperrectangle_1434.vnnlib,20
onnx/ruarobot/perturbations_0.onnx,vnnlib/ruarobot/hyperrectangle_2433.vnnlib,20
onnx/medical/perturbations_0.onnx,vnnlib/medical/hyperrectangle_1756.vnnlib,20
onnx/ruarobot/perturbations_0.onnx,vnnlib/ruarobot/hyperrectangle_7373.vnnlib,20
onnx/medical/perturbations_0.onnx,vnnlib/medical/hyperrectangle_1032.vnnlib,20
onnx/ruarobot/perturbations_0.onnx,vnnlib/ruarobot/hyperrectangle_7002.vnnlib,20
onnx/medical/perturbations_0.onnx,vnnlib/medical/hyperrectangle_1813.vnnlib,20
onnx/ruarobot/perturbations_0.onnx,vnnlib/ruarobot/hyperrectangle_4411.vnnlib,20
onnx/ruarobot/perturbations_0.onnx,vnnlib/ruarobot/hyperrectangle_2866.vnnlib,20
onnx/ruarobot/perturbations_0.onnx,vnnlib/ruarobot/hyperrectangle_828.vnnlib,20
onnx/ruarobot/perturbations_0.onnx,vnnlib/ruarobot/hyperrectangle_426.vnnlib,20
onnx/ruarobot/perturbations_0.onnx,vnnlib/ruarobot/hyperrectangle_2350.vnnlib,20
onnx/medical/perturbations_0.onnx,vnnlib/medical/hyperrectangle_124.vnnlib,20
onnx/medical/perturbations_0.onnx,vnnlib/medical/hyperrectangle_2850.vnnlib,20
onnx/ruarobot/perturbations_0.onnx,vnnlib/ruarobot/hyperrectangle_7843.vnnlib,20
onnx/ruarobot/perturbations_0.onnx,vnnlib/ruarobot/hyperrectangle_4742.vnnlib,20
onnx/ruarobot/perturbations_0.onnx,vnnlib/ruarobot/hyperrectangle_5954.vnnlib,20
onnx/medical/perturbations_0.onnx,vnnlib/medical/hyperrectangle_1215.vnnlib,20
onnx/ruarobot/perturbations_0.onnx,vnnlib/ruarobot/hyperrectangle_5692.vnnlib,20
onnx/medical/perturbations_0.onnx,vnnlib/medical/hyperrectangle_479.vnnlib,20
onnx/ruarobot/perturbations_0.onnx,vnnlib/ruarobot/hyperrectangle_4963.vnnlib,20
onnx/ruarobot/perturbations_0.onnx,vnnlib/ruarobot/hyperrectangle_2065.vnnlib,20
onnx/medical/perturbations_0.onnx,vnnlib/medical/hyperrectangle_1791.vnnlib,20
onnx/medical/perturbations_0.onnx,vnnlib/medical/hyperrectangle_635.vnnlib,20
onnx/ruarobot/perturbations_0.onnx,vnnlib/ruarobot/hyperrectangle_5868.vnnlib,20
onnx/ruarobot/perturbations_0.onnx,vnnlib/ruarobot/hyperrectangle_3974.vnnlib,20
onnx/medical/perturbations_0.onnx,vnnlib/medical/hyperrectangle_1865.vnnlib,20
onnx/medical/perturbations_0.onnx,vnnlib/medical/hyperrectangle_901.vnnlib,20
onnx/ruarobot/perturbations_0.onnx,vnnlib/ruarobot/hyperrectangle_3297.vnnlib,20
onnx/ruarobot/perturbations_0.onnx,vnnlib/ruarobot/hyperrectangle_3898.vnnlib,20
onnx/ruarobot/perturbations_0.onnx,vnnlib/ruarobot/hyperrectangle_2917.vnnlib,20
onnx/ruarobot/perturbations_0.onnx,vnnlib/ruarobot/hyperrectangle_1994.vnnlib,20
onnx/medical/perturbations_0.onnx,vnnlib/medical/hyperrectangle_1525.vnnlib,20
onnx/medical/perturbations_0.onnx,vnnlib/medical/hyperrectangle_2323.vnnlib,20
onnx/ruarobot/perturbations_0.onnx,vnnlib/ruarobot/hyperrectangle_6869.vnnlib,20
onnx/medical/perturbations_0.onnx,vnnlib/medical/hyperrectangle_388.vnnlib,20
onnx/medical/perturbations_0.onnx,vnnlib/medical/hyperrectangle_1910.vnnlib,20
onnx/ruarobot/perturbations_0.onnx,vnnlib/ruarobot/hyperrectangle_2639.vnnlib,20
onnx/ruarobot/perturbations_0.onnx,vnnlib/ruarobot/hyperrectangle_5118.vnnlib,20
onnx/ruarobot/perturbations_0.onnx,vnnlib/ruarobot/hyperrectangle_2162.vnnlib,20
onnx/ruarobot/perturbations_0.onnx,vnnlib/ruarobot/hyperrectangle_5481.vnnlib,20
onnx/ruarobot/perturbations_0.onnx,vnnlib/ruarobot/hyperrectangle_7867.vnnlib,20
onnx/ruarobot/perturbations_0.onnx,vnnlib/ruarobot/hyperrectangle_3574.vnnlib,20
onnx/ruarobot/perturbations_0.onnx,vnnlib/ruarobot/hyperrectangle_1214.vnnlib,20
onnx/ruarobot/perturbations_0.onnx,vnnlib/ruarobot/hyperrectangle_3371.vnnlib,20
onnx/ruarobot/perturbations_0.onnx,vnnlib/ruarobot/hyperrectangle_4038.vnnlib,20
onnx/medical/perturbations_0.onnx,vnnlib/medical/hyperrectangle_801.vnnlib,20
onnx/ruarobot/perturbations_0.onnx,vnnlib/ruarobot/hyperrectangle_7637.vnnlib,20
onnx/ruarobot/perturbations_0.onnx,vnnlib/ruarobot/hyperrectangle_5767.vnnlib,20
onnx/ruarobot/perturbations_0.onnx,vnnlib/ruarobot/hyperrectangle_332.vnnlib,20
onnx/medical/perturbations_0.onnx,vnnlib/medical/hyperrectangle_2520.vnnlib,20
onnx/ruarobot/perturbations_0.onnx,vnnlib/ruarobot/hyperrectangle_1461.vnnlib,20
onnx/ruarobot/perturbations_0.onnx,vnnlib/ruarobot/hyperrectangle_5994.vnnlib,20
onnx/ruarobot/perturbations_0.onnx,vnnlib/ruarobot/hyperrectangle_3420.vnnlib,20
onnx/medical/perturbations_0.onnx,vnnlib/medical/hyperrectangle_1882.vnnlib,20
onnx/ruarobot/perturbations_0.onnx,vnnlib/ruarobot/hyperrectangle_1750.vnnlib,20
onnx/ruarobot/perturbations_0.onnx,vnnlib/ruarobot/hyperrectangle_1933.vnnlib,20
onnx/ruarobot/perturbations_0.onnx,vnnlib/ruarobot/hyperrectangle_563.vnnlib,20
onnx/ruarobot/perturbations_0.onnx,vnnlib/ruarobot/hyperrectangle_7048.vnnlib,20
onnx/ruarobot/perturbations_0.onnx,vnnlib/ruarobot/hyperrectangle_813.vnnlib,20
onnx/ruarobot/perturbations_0.onnx,vnnlib/ruarobot/hyperrectangle_571.vnnlib,20
onnx/ruarobot/perturbations_0.onnx,vnnlib/ruarobot/hyperrectangle_802.vnnlib,20
onnx/ruarobot/perturbations_0.onnx,vnnlib/ruarobot/hyperrectangle_7886.vnnlib,20
onnx/ruarobot/perturbations_0.onnx,vnnlib/ruarobot/hyperrectangle_5884.vnnlib,20
onnx/ruarobot/perturbations_0.onnx,vnnlib/ruarobot/hyperrectangle_5084.vnnlib,20
onnx/ruarobot/perturbations_0.onnx,vnnlib/ruarobot/hyperrectangle_5677.vnnlib,20
onnx/ruarobot/perturbations_0.onnx,vnnlib/ruarobot/hyperrectangle_2694.vnnlib,20
onnx/ruarobot/perturbations_0.onnx,vnnlib/ruarobot/hyperrectangle_5098.vnnlib,20
onnx/ruarobot/perturbations_0.onnx,vnnlib/ruarobot/hyperrectangle_1101.vnnlib,20
onnx/ruarobot/perturbations_0.onnx,vnnlib/ruarobot/hyperrectangle_2003.vnnlib,20
onnx/ruarobot/perturbations_0.onnx,vnnlib/ruarobot/hyperrectangle_5016.vnnlib,20
onnx/ruarobot/perturbations_0.onnx,vnnlib/ruarobot/hyperrectangle_3132.vnnlib,20
onnx/ruarobot/perturbations_0.onnx,vnnlib/ruarobot/hyperrectangle_1231.vnnlib,20
onnx/ruarobot/perturbations_0.onnx,vnnlib/ruarobot/hyperrectangle_4739.vnnlib,20
onnx/ruarobot/perturbations_0.onnx,vnnlib/ruarobot/hyperrectangle_4877.vnnlib,20
onnx/medical/perturbations_0.onnx,vnnlib/medical/hyperrectangle_1407.vnnlib,20
onnx/ruarobot/perturbations_0.onnx,vnnlib/ruarobot/hyperrectangle_3178.vnnlib,20
onnx/ruarobot/perturbations_0.onnx,vnnlib/ruarobot/hyperrectangle_6269.vnnlib,20
onnx/medical/perturbations_0.onnx,vnnlib/medical/hyperrectangle_2633.vnnlib,20
onnx/ruarobot/perturbations_0.onnx,vnnlib/ruarobot/hyperrectangle_3507.vnnlib,20
onnx/medical/perturbations_0.onnx,vnnlib/medical/hyperrectangle_2583.vnnlib,20
onnx/ruarobot/perturbations_0.onnx,vnnlib/ruarobot/hyperrectangle_2953.vnnlib,20
onnx/medical/perturbations_0.onnx,vnnlib/medical/hyperrectangle_1736.vnnlib,20
onnx/ruarobot/perturbations_0.onnx,vnnlib/ruarobot/hyperrectangle_1594.vnnlib,20
onnx/ruarobot/perturbations_0.onnx,vnnlib/ruarobot/hyperrectangle_3589.vnnlib,20
onnx/ruarobot/perturbations_0.onnx,vnnlib/ruarobot/hyperrectangle_6803.vnnlib,20
onnx/ruarobot/perturbations_0.onnx,vnnlib/ruarobot/hyperrectangle_2158.vnnlib,20
onnx/ruarobot/perturbations_0.onnx,vnnlib/ruarobot/hyperrectangle_464.vnnlib,20
onnx/medical/perturbations_0.onnx,vnnlib/medical/hyperrectangle_509.vnnlib,20
onnx/ruarobot/perturbations_0.onnx,vnnlib/ruarobot/hyperrectangle_5996.vnnlib,20
onnx/ruarobot/perturbations_0.onnx,vnnlib/ruarobot/hyperrectangle_7628.vnnlib,20
onnx/medical/perturbations_0.onnx,vnnlib/medical/hyperrectangle_1738.vnnlib,20
onnx/medical/perturbations_0.onnx,vnnlib/medical/hyperrectangle_1567.vnnlib,20
onnx/ruarobot/perturbations_0.onnx,vnnlib/ruarobot/hyperrectangle_7210.vnnlib,20
onnx/ruarobot/perturbations_0.onnx,vnnlib/ruarobot/hyperrectangle_913.vnnlib,20
onnx/medical/perturbations_0.onnx,vnnlib/medical/hyperrectangle_1950.vnnlib,20
onnx/medical/perturbations_0.onnx,vnnlib/medical/hyperrectangle_686.vnnlib,20
onnx/ruarobot/perturbations_0.onnx,vnnlib/ruarobot/hyperrectangle_3025.vnnlib,20
onnx/medical/perturbations_0.onnx,vnnlib/medical/hyperrectangle_1360.vnnlib,20
onnx/ruarobot/perturbations_0.onnx,vnnlib/ruarobot/hyperrectangle_4078.vnnlib,20
onnx/ruarobot/perturbations_0.onnx,vnnlib/ruarobot/hyperrectangle_3053.vnnlib,20
onnx/ruarobot/perturbations_0.onnx,vnnlib/ruarobot/hyperrectangle_487.vnnlib,20
onnx/medical/perturbations_0.onnx,vnnlib/medical/hyperrectangle_600.vnnlib,20
onnx/ruarobot/perturbations_0.onnx,vnnlib/ruarobot/hyperrectangle_3473.vnnlib,20
onnx/ruarobot/perturbations_0.onnx,vnnlib/ruarobot/hyperrectangle_3700.vnnlib,20
onnx/ruarobot/perturbations_0.onnx,vnnlib/ruarobot/hyperrectangle_6984.vnnlib,20
onnx/ruarobot/perturbations_0.onnx,vnnlib/ruarobot/hyperrectangle_2161.vnnlib,20
onnx/medical/perturbations_0.onnx,vnnlib/medical/hyperrectangle_143.vnnlib,20
onnx/ruarobot/perturbations_0.onnx,vnnlib/ruarobot/hyperrectangle_7269.vnnlib,20
onnx/medical/perturbations_0.onnx,vnnlib/medical/hyperrectangle_1136.vnnlib,20
onnx/medical/perturbations_0.onnx,vnnlib/medical/hyperrectangle_706.vnnlib,20
