onnx/vgg16-7.onnx,vnnlib/spec0_briard.vnnlib,1200
onnx/vgg16-7.onnx,vnnlib/spec1_sock.vnnlib,1200
onnx/vgg16-7.onnx,vnnlib/spec2_scoreboard.vnnlib,1200
onnx/vgg16-7.onnx,vnnlib/spec3_limousine.vnnlib,1200
onnx/vgg16-7.onnx,vnnlib/spec4_greenhouse.vnnlib,1200
onnx/vgg16-7.onnx,vnnlib/spec5_groom.vnnlib,1200
onnx/vgg16-7.onnx,vnnlib/spec6_ping-pong_ball.vnnlib,1200
onnx/vgg16-7.onnx,vnnlib/spec7_jacamar.vnnlib,1200
onnx/vgg16-7.onnx,vnnlib/spec8_airliner.vnnlib,1200
onnx/vgg16-7.onnx,vnnlib/spec9_admiral.vnnlib,1200
onnx/vgg16-7.onnx,vnnlib/spec10_shower_cap.vnnlib,1200
onnx/vgg16-7.onnx,vnnlib/spec11_toucan.vnnlib,1200
onnx/vgg16-7.onnx,vnnlib/spec12_lion.vnnlib,1200
onnx/vgg16-7.onnx,vnnlib/spec13_lampshade.vnnlib,1200
onnx/vgg16-7.onnx,vnnlib/spec14_pencil_sharpener.vnnlib,1200
onnx/vgg16-7.onnx,vnnlib/spec15_tow_truck.vnnlib,1200
onnx/vgg16-7.onnx,vnnlib/spec16_bluetick.vnnlib,1200
onnx/vgg16-7.onnx,vnnlib/spec17_bicycle-built-for-two.vnnlib,1200
