onnx/CIFAR100_resnet_medium.onnx,vnnlib/CIFAR100_resnet_medium_prop_idx_3267_sidx_4884_eps_0.0039.vnnlib,100
onnx/CIFAR100_resnet_medium.onnx,vnnlib/CIFAR100_resnet_medium_prop_idx_3965_sidx_688_eps_0.0039.vnnlib,100
onnx/CIFAR100_resnet_medium.onnx,vnnlib/CIFAR100_resnet_medium_prop_idx_8028_sidx_5238_eps_0.0039.vnnlib,100
onnx/CIFAR100_resnet_medium.onnx,vnnlib/CIFAR100_resnet_medium_prop_idx_3995_sidx_7978_eps_0.0039.vnnlib,100
onnx/CIFAR100_resnet_medium.onnx,vnnlib/CIFAR100_resnet_medium_prop_idx_8461_sidx_6823_eps_0.0039.vnnlib,100
onnx/CIFAR100_resnet_medium.onnx,vnnlib/CIFAR100_resnet_medium_prop_idx_5961_sidx_9165_eps_0.0039.vnnlib,100
onnx/CIFAR100_resnet_medium.onnx,vnnlib/CIFAR100_resnet_medium_prop_idx_1642_sidx_7494_eps_0.0039.vnnlib,100
onnx/CIFAR100_resnet_medium.onnx,vnnlib/CIFAR100_resnet_medium_prop_idx_4553_sidx_7835_eps_0.0039.vnnlib,100
onnx/CIFAR100_resnet_medium.onnx,vnnlib/CIFAR100_resnet_medium_prop_idx_3921_sidx_9018_eps_0.0039.vnnlib,100
onnx/CIFAR100_resnet_medium.onnx,vnnlib/CIFAR100_resnet_medium_prop_idx_1401_sidx_3081_eps_0.0039.vnnlib,100
onnx/CIFAR100_resnet_medium.onnx,vnnlib/CIFAR100_resnet_medium_prop_idx_251_sidx_5719_eps_0.0039.vnnlib,100
onnx/CIFAR100_resnet_medium.onnx,vnnlib/CIFAR100_resnet_medium_prop_idx_4394_sidx_4782_eps_0.0039.vnnlib,100
onnx/CIFAR100_resnet_medium.onnx,vnnlib/CIFAR100_resnet_medium_prop_idx_8457_sidx_4948_eps_0.0039.vnnlib,100
onnx/CIFAR100_resnet_medium.onnx,vnnlib/CIFAR100_resnet_medium_prop_idx_5955_sidx_1517_eps_0.0039.vnnlib,100
onnx/CIFAR100_resnet_medium.onnx,vnnlib/CIFAR100_resnet_medium_prop_idx_9140_sidx_5866_eps_0.0039.vnnlib,100
onnx/CIFAR100_resnet_medium.onnx,vnnlib/CIFAR100_resnet_medium_prop_idx_6056_sidx_2919_eps_0.0039.vnnlib,100
onnx/CIFAR100_resnet_medium.onnx,vnnlib/CIFAR100_resnet_medium_prop_idx_5230_sidx_242_eps_0.0039.vnnlib,100
onnx/CIFAR100_resnet_medium.onnx,vnnlib/CIFAR100_resnet_medium_prop_idx_8466_sidx_9309_eps_0.0039.vnnlib,100
onnx/CIFAR100_resnet_medium.onnx,vnnlib/CIFAR100_resnet_medium_prop_idx_9280_sidx_3756_eps_0.0039.vnnlib,100
onnx/CIFAR100_resnet_medium.onnx,vnnlib/CIFAR100_resnet_medium_prop_idx_3570_sidx_9004_eps_0.0039.vnnlib,100
onnx/CIFAR100_resnet_medium.onnx,vnnlib/CIFAR100_resnet_medium_prop_idx_9029_sidx_5929_eps_0.0039.vnnlib,100
onnx/CIFAR100_resnet_medium.onnx,vnnlib/CIFAR100_resnet_medium_prop_idx_116_sidx_8002_eps_0.0039.vnnlib,100
onnx/CIFAR100_resnet_medium.onnx,vnnlib/CIFAR100_resnet_medium_prop_idx_8585_sidx_3963_eps_0.0039.vnnlib,100
onnx/CIFAR100_resnet_medium.onnx,vnnlib/CIFAR100_resnet_medium_prop_idx_5573_sidx_1946_eps_0.0039.vnnlib,100
onnx/CIFAR100_resnet_medium.onnx,vnnlib/CIFAR100_resnet_medium_prop_idx_5160_sidx_9960_eps_0.0039.vnnlib,100
onnx/CIFAR100_resnet_medium.onnx,vnnlib/CIFAR100_resnet_medium_prop_idx_4071_sidx_6244_eps_0.0039.vnnlib,100
onnx/CIFAR100_resnet_medium.onnx,vnnlib/CIFAR100_resnet_medium_prop_idx_5657_sidx_262_eps_0.0039.vnnlib,100
onnx/CIFAR100_resnet_medium.onnx,vnnlib/CIFAR100_resnet_medium_prop_idx_2388_sidx_4447_eps_0.0039.vnnlib,100
onnx/CIFAR100_resnet_medium.onnx,vnnlib/CIFAR100_resnet_medium_prop_idx_1862_sidx_1111_eps_0.0039.vnnlib,100
onnx/CIFAR100_resnet_medium.onnx,vnnlib/CIFAR100_resnet_medium_prop_idx_3521_sidx_4942_eps_0.0039.vnnlib,100
onnx/CIFAR100_resnet_medium.onnx,vnnlib/CIFAR100_resnet_medium_prop_idx_9620_sidx_2024_eps_0.0039.vnnlib,100
onnx/CIFAR100_resnet_medium.onnx,vnnlib/CIFAR100_resnet_medium_prop_idx_497_sidx_5675_eps_0.0039.vnnlib,100
onnx/CIFAR100_resnet_medium.onnx,vnnlib/CIFAR100_resnet_medium_prop_idx_3739_sidx_4756_eps_0.0039.vnnlib,100
onnx/CIFAR100_resnet_medium.onnx,vnnlib/CIFAR100_resnet_medium_prop_idx_7524_sidx_3195_eps_0.0039.vnnlib,100
onnx/CIFAR100_resnet_medium.onnx,vnnlib/CIFAR100_resnet_medium_prop_idx_4626_sidx_3263_eps_0.0039.vnnlib,100
onnx/CIFAR100_resnet_medium.onnx,vnnlib/CIFAR100_resnet_medium_prop_idx_7453_sidx_7766_eps_0.0039.vnnlib,100
onnx/CIFAR100_resnet_medium.onnx,vnnlib/CIFAR100_resnet_medium_prop_idx_8739_sidx_1540_eps_0.0039.vnnlib,100
onnx/CIFAR100_resnet_medium.onnx,vnnlib/CIFAR100_resnet_medium_prop_idx_9325_sidx_1211_eps_0.0039.vnnlib,100
onnx/CIFAR100_resnet_medium.onnx,vnnlib/CIFAR100_resnet_medium_prop_idx_2590_sidx_6558_eps_0.0039.vnnlib,100
onnx/CIFAR100_resnet_medium.onnx,vnnlib/CIFAR100_resnet_medium_prop_idx_8762_sidx_3374_eps_0.0039.vnnlib,100
onnx/CIFAR100_resnet_medium.onnx,vnnlib/CIFAR100_resnet_medium_prop_idx_7074_sidx_2937_eps_0.0039.vnnlib,100
onnx/CIFAR100_resnet_medium.onnx,vnnlib/CIFAR100_resnet_medium_prop_idx_5286_sidx_6796_eps_0.0039.vnnlib,100
onnx/CIFAR100_resnet_medium.onnx,vnnlib/CIFAR100_resnet_medium_prop_idx_7477_sidx_2980_eps_0.0039.vnnlib,100
onnx/CIFAR100_resnet_medium.onnx,vnnlib/CIFAR100_resnet_medium_prop_idx_148_sidx_3290_eps_0.0039.vnnlib,100
onnx/CIFAR100_resnet_medium.onnx,vnnlib/CIFAR100_resnet_medium_prop_idx_8596_sidx_596_eps_0.0039.vnnlib,100
onnx/CIFAR100_resnet_medium.onnx,vnnlib/CIFAR100_resnet_medium_prop_idx_5201_sidx_2290_eps_0.0039.vnnlib,100
onnx/CIFAR100_resnet_medium.onnx,vnnlib/CIFAR100_resnet_medium_prop_idx_7089_sidx_5353_eps_0.0039.vnnlib,100
onnx/CIFAR100_resnet_medium.onnx,vnnlib/CIFAR100_resnet_medium_prop_idx_4141_sidx_5393_eps_0.0039.vnnlib,100
onnx/CIFAR100_resnet_medium.onnx,vnnlib/CIFAR100_resnet_medium_prop_idx_5185_sidx_142_eps_0.0039.vnnlib,100
onnx/CIFAR100_resnet_medium.onnx,vnnlib/CIFAR100_resnet_medium_prop_idx_4956_sidx_2452_eps_0.0039.vnnlib,100
onnx/CIFAR100_resnet_medium.onnx,vnnlib/CIFAR100_resnet_medium_prop_idx_8091_sidx_4915_eps_0.0039.vnnlib,100
onnx/CIFAR100_resnet_medium.onnx,vnnlib/CIFAR100_resnet_medium_prop_idx_1208_sidx_4993_eps_0.0039.vnnlib,100
onnx/CIFAR100_resnet_medium.onnx,vnnlib/CIFAR100_resnet_medium_prop_idx_2753_sidx_3773_eps_0.0039.vnnlib,100
onnx/CIFAR100_resnet_medium.onnx,vnnlib/CIFAR100_resnet_medium_prop_idx_469_sidx_6589_eps_0.0039.vnnlib,100
onnx/CIFAR100_resnet_medium.onnx,vnnlib/CIFAR100_resnet_medium_prop_idx_7218_sidx_5543_eps_0.0039.vnnlib,100
onnx/CIFAR100_resnet_medium.onnx,vnnlib/CIFAR100_resnet_medium_prop_idx_3673_sidx_32_eps_0.0039.vnnlib,100
onnx/CIFAR100_resnet_medium.onnx,vnnlib/CIFAR100_resnet_medium_prop_idx_7005_sidx_2776_eps_0.0039.vnnlib,100
onnx/CIFAR100_resnet_medium.onnx,vnnlib/CIFAR100_resnet_medium_prop_idx_1933_sidx_9361_eps_0.0039.vnnlib,100
onnx/CIFAR100_resnet_medium.onnx,vnnlib/CIFAR100_resnet_medium_prop_idx_3443_sidx_918_eps_0.0039.vnnlib,100
onnx/CIFAR100_resnet_medium.onnx,vnnlib/CIFAR100_resnet_medium_prop_idx_3755_sidx_9645_eps_0.0039.vnnlib,100
onnx/CIFAR100_resnet_medium.onnx,vnnlib/CIFAR100_resnet_medium_prop_idx_3717_sidx_7096_eps_0.0039.vnnlib,100
onnx/CIFAR100_resnet_medium.onnx,vnnlib/CIFAR100_resnet_medium_prop_idx_9984_sidx_5390_eps_0.0039.vnnlib,100
onnx/CIFAR100_resnet_medium.onnx,vnnlib/CIFAR100_resnet_medium_prop_idx_6583_sidx_8860_eps_0.0039.vnnlib,100
onnx/CIFAR100_resnet_medium.onnx,vnnlib/CIFAR100_resnet_medium_prop_idx_3106_sidx_622_eps_0.0039.vnnlib,100
onnx/CIFAR100_resnet_medium.onnx,vnnlib/CIFAR100_resnet_medium_prop_idx_8265_sidx_5360_eps_0.0039.vnnlib,100
onnx/CIFAR100_resnet_medium.onnx,vnnlib/CIFAR100_resnet_medium_prop_idx_6086_sidx_4047_eps_0.0039.vnnlib,100
onnx/CIFAR100_resnet_medium.onnx,vnnlib/CIFAR100_resnet_medium_prop_idx_5228_sidx_8900_eps_0.0039.vnnlib,100
onnx/CIFAR100_resnet_medium.onnx,vnnlib/CIFAR100_resnet_medium_prop_idx_4063_sidx_8348_eps_0.0039.vnnlib,100
onnx/CIFAR100_resnet_medium.onnx,vnnlib/CIFAR100_resnet_medium_prop_idx_5857_sidx_1511_eps_0.0039.vnnlib,100
onnx/CIFAR100_resnet_medium.onnx,vnnlib/CIFAR100_resnet_medium_prop_idx_3594_sidx_2945_eps_0.0039.vnnlib,100
onnx/CIFAR100_resnet_medium.onnx,vnnlib/CIFAR100_resnet_medium_prop_idx_5354_sidx_5944_eps_0.0039.vnnlib,100
onnx/CIFAR100_resnet_medium.onnx,vnnlib/CIFAR100_resnet_medium_prop_idx_4345_sidx_421_eps_0.0039.vnnlib,100
onnx/CIFAR100_resnet_medium.onnx,vnnlib/CIFAR100_resnet_medium_prop_idx_118_sidx_7476_eps_0.0039.vnnlib,100
onnx/CIFAR100_resnet_medium.onnx,vnnlib/CIFAR100_resnet_medium_prop_idx_8019_sidx_9341_eps_0.0039.vnnlib,100
onnx/CIFAR100_resnet_medium.onnx,vnnlib/CIFAR100_resnet_medium_prop_idx_8757_sidx_781_eps_0.0039.vnnlib,100
onnx/CIFAR100_resnet_medium.onnx,vnnlib/CIFAR100_resnet_medium_prop_idx_5730_sidx_4116_eps_0.0039.vnnlib,100
onnx/CIFAR100_resnet_medium.onnx,vnnlib/CIFAR100_resnet_medium_prop_idx_955_sidx_7389_eps_0.0039.vnnlib,100
onnx/CIFAR100_resnet_medium.onnx,vnnlib/CIFAR100_resnet_medium_prop_idx_3373_sidx_5926_eps_0.0039.vnnlib,100
onnx/CIFAR100_resnet_medium.onnx,vnnlib/CIFAR100_resnet_medium_prop_idx_1823_sidx_2050_eps_0.0039.vnnlib,100
onnx/CIFAR100_resnet_medium.onnx,vnnlib/CIFAR100_resnet_medium_prop_idx_9179_sidx_92_eps_0.0039.vnnlib,100
onnx/CIFAR100_resnet_medium.onnx,vnnlib/CIFAR100_resnet_medium_prop_idx_3767_sidx_7124_eps_0.0039.vnnlib,100
onnx/CIFAR100_resnet_medium.onnx,vnnlib/CIFAR100_resnet_medium_prop_idx_7297_sidx_9532_eps_0.0039.vnnlib,100
onnx/CIFAR100_resnet_medium.onnx,vnnlib/CIFAR100_resnet_medium_prop_idx_8114_sidx_3076_eps_0.0039.vnnlib,100
onnx/CIFAR100_resnet_medium.onnx,vnnlib/CIFAR100_resnet_medium_prop_idx_7513_sidx_8337_eps_0.0039.vnnlib,100
onnx/CIFAR100_resnet_medium.onnx,vnnlib/CIFAR100_resnet_medium_prop_idx_5339_sidx_9521_eps_0.0039.vnnlib,100
onnx/CIFAR100_resnet_medium.onnx,vnnlib/CIFAR100_resnet_medium_prop_idx_838_sidx_9914_eps_0.0039.vnnlib,100
onnx/CIFAR100_resnet_medium.onnx,vnnlib/CIFAR100_resnet_medium_prop_idx_5344_sidx_7738_eps_0.0039.vnnlib,100
onnx/CIFAR100_resnet_medium.onnx,vnnlib/CIFAR100_resnet_medium_prop_idx_9080_sidx_2243_eps_0.0039.vnnlib,100
onnx/CIFAR100_resnet_medium.onnx,vnnlib/CIFAR100_resnet_medium_prop_idx_3782_sidx_1103_eps_0.0039.vnnlib,100
onnx/CIFAR100_resnet_medium.onnx,vnnlib/CIFAR100_resnet_medium_prop_idx_2256_sidx_8731_eps_0.0039.vnnlib,100
onnx/CIFAR100_resnet_medium.onnx,vnnlib/CIFAR100_resnet_medium_prop_idx_509_sidx_3899_eps_0.0039.vnnlib,100
onnx/CIFAR100_resnet_medium.onnx,vnnlib/CIFAR100_resnet_medium_prop_idx_3150_sidx_4654_eps_0.0039.vnnlib,100
onnx/CIFAR100_resnet_medium.onnx,vnnlib/CIFAR100_resnet_medium_prop_idx_5588_sidx_9250_eps_0.0039.vnnlib,100
onnx/CIFAR100_resnet_medium.onnx,vnnlib/CIFAR100_resnet_medium_prop_idx_6994_sidx_2409_eps_0.0039.vnnlib,100
onnx/CIFAR100_resnet_medium.onnx,vnnlib/CIFAR100_resnet_medium_prop_idx_1190_sidx_8846_eps_0.0039.vnnlib,100
onnx/CIFAR100_resnet_medium.onnx,vnnlib/CIFAR100_resnet_medium_prop_idx_6883_sidx_2245_eps_0.0039.vnnlib,100
onnx/CIFAR100_resnet_medium.onnx,vnnlib/CIFAR100_resnet_medium_prop_idx_8196_sidx_3864_eps_0.0039.vnnlib,100
onnx/CIFAR100_resnet_medium.onnx,vnnlib/CIFAR100_resnet_medium_prop_idx_7860_sidx_3471_eps_0.0039.vnnlib,100
onnx/CIFAR100_resnet_medium.onnx,vnnlib/CIFAR100_resnet_medium_prop_idx_4429_sidx_1471_eps_0.0039.vnnlib,100
onnx/CIFAR100_resnet_medium.onnx,vnnlib/CIFAR100_resnet_medium_prop_idx_2640_sidx_6925_eps_0.0039.vnnlib,100
onnx/CIFAR100_resnet_large.onnx,vnnlib/CIFAR100_resnet_large_prop_idx_9029_sidx_5929_eps_0.0039.vnnlib,100
onnx/CIFAR100_resnet_large.onnx,vnnlib/CIFAR100_resnet_large_prop_idx_3460_sidx_302_eps_0.0039.vnnlib,100
onnx/CIFAR100_resnet_large.onnx,vnnlib/CIFAR100_resnet_large_prop_idx_8527_sidx_8452_eps_0.0039.vnnlib,100
onnx/CIFAR100_resnet_large.onnx,vnnlib/CIFAR100_resnet_large_prop_idx_7643_sidx_608_eps_0.0039.vnnlib,100
onnx/CIFAR100_resnet_large.onnx,vnnlib/CIFAR100_resnet_large_prop_idx_2575_sidx_1066_eps_0.0039.vnnlib,100
onnx/CIFAR100_resnet_large.onnx,vnnlib/CIFAR100_resnet_large_prop_idx_7040_sidx_7018_eps_0.0039.vnnlib,100
onnx/CIFAR100_resnet_large.onnx,vnnlib/CIFAR100_resnet_large_prop_idx_8476_sidx_3906_eps_0.0039.vnnlib,100
onnx/CIFAR100_resnet_large.onnx,vnnlib/CIFAR100_resnet_large_prop_idx_6280_sidx_9990_eps_0.0039.vnnlib,100
onnx/CIFAR100_resnet_large.onnx,vnnlib/CIFAR100_resnet_large_prop_idx_1518_sidx_2289_eps_0.0039.vnnlib,100
onnx/CIFAR100_resnet_large.onnx,vnnlib/CIFAR100_resnet_large_prop_idx_5525_sidx_5598_eps_0.0039.vnnlib,100
onnx/CIFAR100_resnet_large.onnx,vnnlib/CIFAR100_resnet_large_prop_idx_5130_sidx_3546_eps_0.0039.vnnlib,100
onnx/CIFAR100_resnet_large.onnx,vnnlib/CIFAR100_resnet_large_prop_idx_6919_sidx_325_eps_0.0039.vnnlib,100
onnx/CIFAR100_resnet_large.onnx,vnnlib/CIFAR100_resnet_large_prop_idx_7123_sidx_8055_eps_0.0039.vnnlib,100
onnx/CIFAR100_resnet_large.onnx,vnnlib/CIFAR100_resnet_large_prop_idx_9227_sidx_31_eps_0.0039.vnnlib,100
onnx/CIFAR100_resnet_large.onnx,vnnlib/CIFAR100_resnet_large_prop_idx_7661_sidx_9992_eps_0.0039.vnnlib,100
onnx/CIFAR100_resnet_large.onnx,vnnlib/CIFAR100_resnet_large_prop_idx_6653_sidx_8255_eps_0.0039.vnnlib,100
onnx/CIFAR100_resnet_large.onnx,vnnlib/CIFAR100_resnet_large_prop_idx_9550_sidx_3717_eps_0.0039.vnnlib,100
onnx/CIFAR100_resnet_large.onnx,vnnlib/CIFAR100_resnet_large_prop_idx_4517_sidx_7350_eps_0.0039.vnnlib,100
onnx/CIFAR100_resnet_large.onnx,vnnlib/CIFAR100_resnet_large_prop_idx_3858_sidx_134_eps_0.0039.vnnlib,100
onnx/CIFAR100_resnet_large.onnx,vnnlib/CIFAR100_resnet_large_prop_idx_4554_sidx_1198_eps_0.0039.vnnlib,100
onnx/CIFAR100_resnet_large.onnx,vnnlib/CIFAR100_resnet_large_prop_idx_4535_sidx_3722_eps_0.0039.vnnlib,100
onnx/CIFAR100_resnet_large.onnx,vnnlib/CIFAR100_resnet_large_prop_idx_2952_sidx_6665_eps_0.0039.vnnlib,100
onnx/CIFAR100_resnet_large.onnx,vnnlib/CIFAR100_resnet_large_prop_idx_2271_sidx_2309_eps_0.0039.vnnlib,100
onnx/CIFAR100_resnet_large.onnx,vnnlib/CIFAR100_resnet_large_prop_idx_6697_sidx_6799_eps_0.0039.vnnlib,100
onnx/CIFAR100_resnet_large.onnx,vnnlib/CIFAR100_resnet_large_prop_idx_7871_sidx_6435_eps_0.0039.vnnlib,100
onnx/CIFAR100_resnet_large.onnx,vnnlib/CIFAR100_resnet_large_prop_idx_1645_sidx_4955_eps_0.0039.vnnlib,100
onnx/CIFAR100_resnet_large.onnx,vnnlib/CIFAR100_resnet_large_prop_idx_3596_sidx_5616_eps_0.0039.vnnlib,100
onnx/CIFAR100_resnet_large.onnx,vnnlib/CIFAR100_resnet_large_prop_idx_6983_sidx_607_eps_0.0039.vnnlib,100
onnx/CIFAR100_resnet_large.onnx,vnnlib/CIFAR100_resnet_large_prop_idx_3324_sidx_1343_eps_0.0039.vnnlib,100
onnx/CIFAR100_resnet_large.onnx,vnnlib/CIFAR100_resnet_large_prop_idx_5346_sidx_2357_eps_0.0039.vnnlib,100
onnx/CIFAR100_resnet_large.onnx,vnnlib/CIFAR100_resnet_large_prop_idx_4576_sidx_8179_eps_0.0039.vnnlib,100
onnx/CIFAR100_resnet_large.onnx,vnnlib/CIFAR100_resnet_large_prop_idx_7038_sidx_3035_eps_0.0039.vnnlib,100
onnx/CIFAR100_resnet_large.onnx,vnnlib/CIFAR100_resnet_large_prop_idx_5716_sidx_7874_eps_0.0039.vnnlib,100
onnx/CIFAR100_resnet_large.onnx,vnnlib/CIFAR100_resnet_large_prop_idx_2479_sidx_2028_eps_0.0039.vnnlib,100
onnx/CIFAR100_resnet_large.onnx,vnnlib/CIFAR100_resnet_large_prop_idx_4319_sidx_2120_eps_0.0039.vnnlib,100
onnx/CIFAR100_resnet_large.onnx,vnnlib/CIFAR100_resnet_large_prop_idx_2452_sidx_2953_eps_0.0039.vnnlib,100
onnx/CIFAR100_resnet_large.onnx,vnnlib/CIFAR100_resnet_large_prop_idx_9443_sidx_9318_eps_0.0039.vnnlib,100
onnx/CIFAR100_resnet_large.onnx,vnnlib/CIFAR100_resnet_large_prop_idx_1256_sidx_9401_eps_0.0039.vnnlib,100
onnx/CIFAR100_resnet_large.onnx,vnnlib/CIFAR100_resnet_large_prop_idx_3133_sidx_2042_eps_0.0039.vnnlib,100
onnx/CIFAR100_resnet_large.onnx,vnnlib/CIFAR100_resnet_large_prop_idx_3484_sidx_1686_eps_0.0039.vnnlib,100
onnx/CIFAR100_resnet_large.onnx,vnnlib/CIFAR100_resnet_large_prop_idx_8391_sidx_4670_eps_0.0039.vnnlib,100
onnx/CIFAR100_resnet_large.onnx,vnnlib/CIFAR100_resnet_large_prop_idx_7034_sidx_4129_eps_0.0039.vnnlib,100
onnx/CIFAR100_resnet_large.onnx,vnnlib/CIFAR100_resnet_large_prop_idx_2090_sidx_766_eps_0.0039.vnnlib,100
onnx/CIFAR100_resnet_large.onnx,vnnlib/CIFAR100_resnet_large_prop_idx_3351_sidx_3809_eps_0.0039.vnnlib,100
onnx/CIFAR100_resnet_large.onnx,vnnlib/CIFAR100_resnet_large_prop_idx_7187_sidx_4191_eps_0.0039.vnnlib,100
onnx/CIFAR100_resnet_large.onnx,vnnlib/CIFAR100_resnet_large_prop_idx_1724_sidx_7463_eps_0.0039.vnnlib,100
onnx/CIFAR100_resnet_large.onnx,vnnlib/CIFAR100_resnet_large_prop_idx_8800_sidx_3363_eps_0.0039.vnnlib,100
onnx/CIFAR100_resnet_large.onnx,vnnlib/CIFAR100_resnet_large_prop_idx_1481_sidx_5343_eps_0.0039.vnnlib,100
onnx/CIFAR100_resnet_large.onnx,vnnlib/CIFAR100_resnet_large_prop_idx_9686_sidx_6346_eps_0.0039.vnnlib,100
onnx/CIFAR100_resnet_large.onnx,vnnlib/CIFAR100_resnet_large_prop_idx_9099_sidx_8444_eps_0.0039.vnnlib,100
onnx/CIFAR100_resnet_large.onnx,vnnlib/CIFAR100_resnet_large_prop_idx_8898_sidx_7094_eps_0.0039.vnnlib,100
onnx/CIFAR100_resnet_large.onnx,vnnlib/CIFAR100_resnet_large_prop_idx_5339_sidx_9521_eps_0.0039.vnnlib,100
onnx/CIFAR100_resnet_large.onnx,vnnlib/CIFAR100_resnet_large_prop_idx_7247_sidx_7033_eps_0.0039.vnnlib,100
onnx/CIFAR100_resnet_large.onnx,vnnlib/CIFAR100_resnet_large_prop_idx_8480_sidx_3784_eps_0.0039.vnnlib,100
onnx/CIFAR100_resnet_large.onnx,vnnlib/CIFAR100_resnet_large_prop_idx_723_sidx_7730_eps_0.0039.vnnlib,100
onnx/CIFAR100_resnet_large.onnx,vnnlib/CIFAR100_resnet_large_prop_idx_841_sidx_8712_eps_0.0039.vnnlib,100
onnx/CIFAR100_resnet_large.onnx,vnnlib/CIFAR100_resnet_large_prop_idx_6271_sidx_9342_eps_0.0039.vnnlib,100
onnx/CIFAR100_resnet_large.onnx,vnnlib/CIFAR100_resnet_large_prop_idx_6258_sidx_69_eps_0.0039.vnnlib,100
onnx/CIFAR100_resnet_large.onnx,vnnlib/CIFAR100_resnet_large_prop_idx_752_sidx_6315_eps_0.0039.vnnlib,100
onnx/CIFAR100_resnet_large.onnx,vnnlib/CIFAR100_resnet_large_prop_idx_9424_sidx_7889_eps_0.0039.vnnlib,100
onnx/CIFAR100_resnet_large.onnx,vnnlib/CIFAR100_resnet_large_prop_idx_5701_sidx_7560_eps_0.0039.vnnlib,100
onnx/CIFAR100_resnet_large.onnx,vnnlib/CIFAR100_resnet_large_prop_idx_3472_sidx_9374_eps_0.0039.vnnlib,100
onnx/CIFAR100_resnet_large.onnx,vnnlib/CIFAR100_resnet_large_prop_idx_9737_sidx_8927_eps_0.0039.vnnlib,100
onnx/CIFAR100_resnet_large.onnx,vnnlib/CIFAR100_resnet_large_prop_idx_9073_sidx_5083_eps_0.0039.vnnlib,100
onnx/CIFAR100_resnet_large.onnx,vnnlib/CIFAR100_resnet_large_prop_idx_988_sidx_1384_eps_0.0039.vnnlib,100
onnx/CIFAR100_resnet_large.onnx,vnnlib/CIFAR100_resnet_large_prop_idx_2302_sidx_3657_eps_0.0039.vnnlib,100
onnx/CIFAR100_resnet_large.onnx,vnnlib/CIFAR100_resnet_large_prop_idx_7397_sidx_9274_eps_0.0039.vnnlib,100
onnx/CIFAR100_resnet_large.onnx,vnnlib/CIFAR100_resnet_large_prop_idx_8672_sidx_9364_eps_0.0039.vnnlib,100
onnx/CIFAR100_resnet_large.onnx,vnnlib/CIFAR100_resnet_large_prop_idx_1751_sidx_4589_eps_0.0039.vnnlib,100
onnx/CIFAR100_resnet_large.onnx,vnnlib/CIFAR100_resnet_large_prop_idx_4251_sidx_1755_eps_0.0039.vnnlib,100
onnx/CIFAR100_resnet_large.onnx,vnnlib/CIFAR100_resnet_large_prop_idx_1497_sidx_1922_eps_0.0039.vnnlib,100
onnx/CIFAR100_resnet_large.onnx,vnnlib/CIFAR100_resnet_large_prop_idx_9928_sidx_428_eps_0.0039.vnnlib,100
onnx/CIFAR100_resnet_large.onnx,vnnlib/CIFAR100_resnet_large_prop_idx_8502_sidx_2893_eps_0.0039.vnnlib,100
onnx/CIFAR100_resnet_large.onnx,vnnlib/CIFAR100_resnet_large_prop_idx_1372_sidx_9800_eps_0.0039.vnnlib,100
onnx/CIFAR100_resnet_large.onnx,vnnlib/CIFAR100_resnet_large_prop_idx_7072_sidx_7470_eps_0.0039.vnnlib,100
onnx/CIFAR100_resnet_large.onnx,vnnlib/CIFAR100_resnet_large_prop_idx_9097_sidx_7313_eps_0.0039.vnnlib,100
onnx/CIFAR100_resnet_large.onnx,vnnlib/CIFAR100_resnet_large_prop_idx_9016_sidx_8318_eps_0.0039.vnnlib,100
onnx/CIFAR100_resnet_large.onnx,vnnlib/CIFAR100_resnet_large_prop_idx_4320_sidx_8813_eps_0.0039.vnnlib,100
onnx/CIFAR100_resnet_large.onnx,vnnlib/CIFAR100_resnet_large_prop_idx_7089_sidx_5353_eps_0.0039.vnnlib,100
onnx/CIFAR100_resnet_large.onnx,vnnlib/CIFAR100_resnet_large_prop_idx_613_sidx_6258_eps_0.0039.vnnlib,100
onnx/CIFAR100_resnet_large.onnx,vnnlib/CIFAR100_resnet_large_prop_idx_4758_sidx_7103_eps_0.0039.vnnlib,100
onnx/CIFAR100_resnet_large.onnx,vnnlib/CIFAR100_resnet_large_prop_idx_4014_sidx_5124_eps_0.0039.vnnlib,100
onnx/CIFAR100_resnet_large.onnx,vnnlib/CIFAR100_resnet_large_prop_idx_7218_sidx_5543_eps_0.0039.vnnlib,100
onnx/CIFAR100_resnet_large.onnx,vnnlib/CIFAR100_resnet_large_prop_idx_9132_sidx_1053_eps_0.0039.vnnlib,100
onnx/CIFAR100_resnet_large.onnx,vnnlib/CIFAR100_resnet_large_prop_idx_3498_sidx_1404_eps_0.0039.vnnlib,100
onnx/CIFAR100_resnet_large.onnx,vnnlib/CIFAR100_resnet_large_prop_idx_5994_sidx_4429_eps_0.0039.vnnlib,100
onnx/CIFAR100_resnet_large.onnx,vnnlib/CIFAR100_resnet_large_prop_idx_2715_sidx_8690_eps_0.0039.vnnlib,100
onnx/CIFAR100_resnet_large.onnx,vnnlib/CIFAR100_resnet_large_prop_idx_2750_sidx_1313_eps_0.0039.vnnlib,100
onnx/CIFAR100_resnet_large.onnx,vnnlib/CIFAR100_resnet_large_prop_idx_1827_sidx_2176_eps_0.0039.vnnlib,100
onnx/CIFAR100_resnet_large.onnx,vnnlib/CIFAR100_resnet_large_prop_idx_9773_sidx_3718_eps_0.0039.vnnlib,100
onnx/CIFAR100_resnet_large.onnx,vnnlib/CIFAR100_resnet_large_prop_idx_2668_sidx_2652_eps_0.0039.vnnlib,100
onnx/CIFAR100_resnet_large.onnx,vnnlib/CIFAR100_resnet_large_prop_idx_656_sidx_2209_eps_0.0039.vnnlib,100
onnx/CIFAR100_resnet_large.onnx,vnnlib/CIFAR100_resnet_large_prop_idx_2717_sidx_551_eps_0.0039.vnnlib,100
onnx/CIFAR100_resnet_large.onnx,vnnlib/CIFAR100_resnet_large_prop_idx_2061_sidx_3325_eps_0.0039.vnnlib,100
onnx/CIFAR100_resnet_large.onnx,vnnlib/CIFAR100_resnet_large_prop_idx_6808_sidx_4725_eps_0.0039.vnnlib,100
onnx/CIFAR100_resnet_large.onnx,vnnlib/CIFAR100_resnet_large_prop_idx_392_sidx_3695_eps_0.0039.vnnlib,100
onnx/CIFAR100_resnet_large.onnx,vnnlib/CIFAR100_resnet_large_prop_idx_5798_sidx_5258_eps_0.0039.vnnlib,100
onnx/CIFAR100_resnet_large.onnx,vnnlib/CIFAR100_resnet_large_prop_idx_9299_sidx_5711_eps_0.0039.vnnlib,100
onnx/CIFAR100_resnet_large.onnx,vnnlib/CIFAR100_resnet_large_prop_idx_3316_sidx_5822_eps_0.0039.vnnlib,100
onnx/CIFAR100_resnet_large.onnx,vnnlib/CIFAR100_resnet_large_prop_idx_6995_sidx_9302_eps_0.0039.vnnlib,100
