onnx/TinyImageNet_resnet_medium.onnx,vnnlib/TinyImageNet_resnet_medium_prop_idx_1924_sidx_6759_eps_0.0039.vnnlib,100
onnx/TinyImageNet_resnet_medium.onnx,vnnlib/TinyImageNet_resnet_medium_prop_idx_3866_sidx_8102_eps_0.0039.vnnlib,100
onnx/TinyImageNet_resnet_medium.onnx,vnnlib/TinyImageNet_resnet_medium_prop_idx_5414_sidx_1938_eps_0.0039.vnnlib,100
onnx/TinyImageNet_resnet_medium.onnx,vnnlib/TinyImageNet_resnet_medium_prop_idx_1617_sidx_845_eps_0.0039.vnnlib,100
onnx/TinyImageNet_resnet_medium.onnx,vnnlib/TinyImageNet_resnet_medium_prop_idx_9376_sidx_6124_eps_0.0039.vnnlib,100
onnx/TinyImageNet_resnet_medium.onnx,vnnlib/TinyImageNet_resnet_medium_prop_idx_1864_sidx_887_eps_0.0039.vnnlib,100
onnx/TinyImageNet_resnet_medium.onnx,vnnlib/TinyImageNet_resnet_medium_prop_idx_3944_sidx_3039_eps_0.0039.vnnlib,100
onnx/TinyImageNet_resnet_medium.onnx,vnnlib/TinyImageNet_resnet_medium_prop_idx_4043_sidx_9475_eps_0.0039.vnnlib,100
onnx/TinyImageNet_resnet_medium.onnx,vnnlib/TinyImageNet_resnet_medium_prop_idx_4863_sidx_3184_eps_0.0039.vnnlib,100
onnx/TinyImageNet_resnet_medium.onnx,vnnlib/TinyImageNet_resnet_medium_prop_idx_3973_sidx_9461_eps_0.0039.vnnlib,100
onnx/TinyImageNet_resnet_medium.onnx,vnnlib/TinyImageNet_resnet_medium_prop_idx_3113_sidx_9370_eps_0.0039.vnnlib,100
onnx/TinyImageNet_resnet_medium.onnx,vnnlib/TinyImageNet_resnet_medium_prop_idx_6461_sidx_2771_eps_0.0039.vnnlib,100
onnx/TinyImageNet_resnet_medium.onnx,vnnlib/TinyImageNet_resnet_medium_prop_idx_2211_sidx_9985_eps_0.0039.vnnlib,100
onnx/TinyImageNet_resnet_medium.onnx,vnnlib/TinyImageNet_resnet_medium_prop_idx_8245_sidx_4991_eps_0.0039.vnnlib,100
onnx/TinyImageNet_resnet_medium.onnx,vnnlib/TinyImageNet_resnet_medium_prop_idx_4109_sidx_3134_eps_0.0039.vnnlib,100
onnx/TinyImageNet_resnet_medium.onnx,vnnlib/TinyImageNet_resnet_medium_prop_idx_3133_sidx_2042_eps_0.0039.vnnlib,100
onnx/TinyImageNet_resnet_medium.onnx,vnnlib/TinyImageNet_resnet_medium_prop_idx_6017_sidx_380_eps_0.0039.vnnlib,100
onnx/TinyImageNet_resnet_medium.onnx,vnnlib/TinyImageNet_resnet_medium_prop_idx_3072_sidx_3250_eps_0.0039.vnnlib,100
onnx/TinyImageNet_resnet_medium.onnx,vnnlib/TinyImageNet_resnet_medium_prop_idx_9542_sidx_2775_eps_0.0039.vnnlib,100
onnx/TinyImageNet_resnet_medium.onnx,vnnlib/TinyImageNet_resnet_medium_prop_idx_762_sidx_4897_eps_0.0039.vnnlib,100
onnx/TinyImageNet_resnet_medium.onnx,vnnlib/TinyImageNet_resnet_medium_prop_idx_4912_sidx_9915_eps_0.0039.vnnlib,100
onnx/TinyImageNet_resnet_medium.onnx,vnnlib/TinyImageNet_resnet_medium_prop_idx_8213_sidx_7868_eps_0.0039.vnnlib,100
onnx/TinyImageNet_resnet_medium.onnx,vnnlib/TinyImageNet_resnet_medium_prop_idx_2476_sidx_1784_eps_0.0039.vnnlib,100
onnx/TinyImageNet_resnet_medium.onnx,vnnlib/TinyImageNet_resnet_medium_prop_idx_9569_sidx_8561_eps_0.0039.vnnlib,100
onnx/TinyImageNet_resnet_medium.onnx,vnnlib/TinyImageNet_resnet_medium_prop_idx_7196_sidx_2293_eps_0.0039.vnnlib,100
onnx/TinyImageNet_resnet_medium.onnx,vnnlib/TinyImageNet_resnet_medium_prop_idx_4880_sidx_5810_eps_0.0039.vnnlib,100
onnx/TinyImageNet_resnet_medium.onnx,vnnlib/TinyImageNet_resnet_medium_prop_idx_6432_sidx_7615_eps_0.0039.vnnlib,100
onnx/TinyImageNet_resnet_medium.onnx,vnnlib/TinyImageNet_resnet_medium_prop_idx_4329_sidx_5838_eps_0.0039.vnnlib,100
onnx/TinyImageNet_resnet_medium.onnx,vnnlib/TinyImageNet_resnet_medium_prop_idx_3839_sidx_962_eps_0.0039.vnnlib,100
onnx/TinyImageNet_resnet_medium.onnx,vnnlib/TinyImageNet_resnet_medium_prop_idx_6014_sidx_2164_eps_0.0039.vnnlib,100
onnx/TinyImageNet_resnet_medium.onnx,vnnlib/TinyImageNet_resnet_medium_prop_idx_9558_sidx_6082_eps_0.0039.vnnlib,100
onnx/TinyImageNet_resnet_medium.onnx,vnnlib/TinyImageNet_resnet_medium_prop_idx_5164_sidx_1240_eps_0.0039.vnnlib,100
onnx/TinyImageNet_resnet_medium.onnx,vnnlib/TinyImageNet_resnet_medium_prop_idx_2907_sidx_66_eps_0.0039.vnnlib,100
onnx/TinyImageNet_resnet_medium.onnx,vnnlib/TinyImageNet_resnet_medium_prop_idx_4463_sidx_4146_eps_0.0039.vnnlib,100
onnx/TinyImageNet_resnet_medium.onnx,vnnlib/TinyImageNet_resnet_medium_prop_idx_5184_sidx_341_eps_0.0039.vnnlib,100
onnx/TinyImageNet_resnet_medium.onnx,vnnlib/TinyImageNet_resnet_medium_prop_idx_9597_sidx_6636_eps_0.0039.vnnlib,100
onnx/TinyImageNet_resnet_medium.onnx,vnnlib/TinyImageNet_resnet_medium_prop_idx_7225_sidx_2278_eps_0.0039.vnnlib,100
onnx/TinyImageNet_resnet_medium.onnx,vnnlib/TinyImageNet_resnet_medium_prop_idx_5032_sidx_7113_eps_0.0039.vnnlib,100
onnx/TinyImageNet_resnet_medium.onnx,vnnlib/TinyImageNet_resnet_medium_prop_idx_4925_sidx_4702_eps_0.0039.vnnlib,100
onnx/TinyImageNet_resnet_medium.onnx,vnnlib/TinyImageNet_resnet_medium_prop_idx_9259_sidx_2193_eps_0.0039.vnnlib,100
onnx/TinyImageNet_resnet_medium.onnx,vnnlib/TinyImageNet_resnet_medium_prop_idx_2755_sidx_193_eps_0.0039.vnnlib,100
onnx/TinyImageNet_resnet_medium.onnx,vnnlib/TinyImageNet_resnet_medium_prop_idx_2899_sidx_6313_eps_0.0039.vnnlib,100
onnx/TinyImageNet_resnet_medium.onnx,vnnlib/TinyImageNet_resnet_medium_prop_idx_2210_sidx_992_eps_0.0039.vnnlib,100
onnx/TinyImageNet_resnet_medium.onnx,vnnlib/TinyImageNet_resnet_medium_prop_idx_2146_sidx_298_eps_0.0039.vnnlib,100
onnx/TinyImageNet_resnet_medium.onnx,vnnlib/TinyImageNet_resnet_medium_prop_idx_7538_sidx_5076_eps_0.0039.vnnlib,100
onnx/TinyImageNet_resnet_medium.onnx,vnnlib/TinyImageNet_resnet_medium_prop_idx_6194_sidx_6044_eps_0.0039.vnnlib,100
onnx/TinyImageNet_resnet_medium.onnx,vnnlib/TinyImageNet_resnet_medium_prop_idx_3307_sidx_2634_eps_0.0039.vnnlib,100
onnx/TinyImageNet_resnet_medium.onnx,vnnlib/TinyImageNet_resnet_medium_prop_idx_8667_sidx_4981_eps_0.0039.vnnlib,100
onnx/TinyImageNet_resnet_medium.onnx,vnnlib/TinyImageNet_resnet_medium_prop_idx_837_sidx_5947_eps_0.0039.vnnlib,100
onnx/TinyImageNet_resnet_medium.onnx,vnnlib/TinyImageNet_resnet_medium_prop_idx_4733_sidx_9708_eps_0.0039.vnnlib,100
onnx/TinyImageNet_resnet_medium.onnx,vnnlib/TinyImageNet_resnet_medium_prop_idx_5709_sidx_6204_eps_0.0039.vnnlib,100
onnx/TinyImageNet_resnet_medium.onnx,vnnlib/TinyImageNet_resnet_medium_prop_idx_5571_sidx_4595_eps_0.0039.vnnlib,100
onnx/TinyImageNet_resnet_medium.onnx,vnnlib/TinyImageNet_resnet_medium_prop_idx_3148_sidx_1232_eps_0.0039.vnnlib,100
onnx/TinyImageNet_resnet_medium.onnx,vnnlib/TinyImageNet_resnet_medium_prop_idx_236_sidx_420_eps_0.0039.vnnlib,100
onnx/TinyImageNet_resnet_medium.onnx,vnnlib/TinyImageNet_resnet_medium_prop_idx_1731_sidx_6691_eps_0.0039.vnnlib,100
onnx/TinyImageNet_resnet_medium.onnx,vnnlib/TinyImageNet_resnet_medium_prop_idx_2558_sidx_8085_eps_0.0039.vnnlib,100
onnx/TinyImageNet_resnet_medium.onnx,vnnlib/TinyImageNet_resnet_medium_prop_idx_6623_sidx_4316_eps_0.0039.vnnlib,100
onnx/TinyImageNet_resnet_medium.onnx,vnnlib/TinyImageNet_resnet_medium_prop_idx_8537_sidx_6506_eps_0.0039.vnnlib,100
onnx/TinyImageNet_resnet_medium.onnx,vnnlib/TinyImageNet_resnet_medium_prop_idx_110_sidx_3348_eps_0.0039.vnnlib,100
onnx/TinyImageNet_resnet_medium.onnx,vnnlib/TinyImageNet_resnet_medium_prop_idx_1939_sidx_6752_eps_0.0039.vnnlib,100
onnx/TinyImageNet_resnet_medium.onnx,vnnlib/TinyImageNet_resnet_medium_prop_idx_6800_sidx_901_eps_0.0039.vnnlib,100
onnx/TinyImageNet_resnet_medium.onnx,vnnlib/TinyImageNet_resnet_medium_prop_idx_9458_sidx_2592_eps_0.0039.vnnlib,100
onnx/TinyImageNet_resnet_medium.onnx,vnnlib/TinyImageNet_resnet_medium_prop_idx_6098_sidx_7270_eps_0.0039.vnnlib,100
onnx/TinyImageNet_resnet_medium.onnx,vnnlib/TinyImageNet_resnet_medium_prop_idx_410_sidx_1150_eps_0.0039.vnnlib,100
onnx/TinyImageNet_resnet_medium.onnx,vnnlib/TinyImageNet_resnet_medium_prop_idx_2184_sidx_9679_eps_0.0039.vnnlib,100
onnx/TinyImageNet_resnet_medium.onnx,vnnlib/TinyImageNet_resnet_medium_prop_idx_4477_sidx_4081_eps_0.0039.vnnlib,100
onnx/TinyImageNet_resnet_medium.onnx,vnnlib/TinyImageNet_resnet_medium_prop_idx_3891_sidx_62_eps_0.0039.vnnlib,100
onnx/TinyImageNet_resnet_medium.onnx,vnnlib/TinyImageNet_resnet_medium_prop_idx_7689_sidx_3205_eps_0.0039.vnnlib,100
onnx/TinyImageNet_resnet_medium.onnx,vnnlib/TinyImageNet_resnet_medium_prop_idx_8013_sidx_2238_eps_0.0039.vnnlib,100
onnx/TinyImageNet_resnet_medium.onnx,vnnlib/TinyImageNet_resnet_medium_prop_idx_6161_sidx_1818_eps_0.0039.vnnlib,100
onnx/TinyImageNet_resnet_medium.onnx,vnnlib/TinyImageNet_resnet_medium_prop_idx_8310_sidx_4525_eps_0.0039.vnnlib,100
onnx/TinyImageNet_resnet_medium.onnx,vnnlib/TinyImageNet_resnet_medium_prop_idx_6827_sidx_2613_eps_0.0039.vnnlib,100
onnx/TinyImageNet_resnet_medium.onnx,vnnlib/TinyImageNet_resnet_medium_prop_idx_4931_sidx_3891_eps_0.0039.vnnlib,100
onnx/TinyImageNet_resnet_medium.onnx,vnnlib/TinyImageNet_resnet_medium_prop_idx_4551_sidx_6769_eps_0.0039.vnnlib,100
onnx/TinyImageNet_resnet_medium.onnx,vnnlib/TinyImageNet_resnet_medium_prop_idx_1983_sidx_1459_eps_0.0039.vnnlib,100
onnx/TinyImageNet_resnet_medium.onnx,vnnlib/TinyImageNet_resnet_medium_prop_idx_7277_sidx_8835_eps_0.0039.vnnlib,100
onnx/TinyImageNet_resnet_medium.onnx,vnnlib/TinyImageNet_resnet_medium_prop_idx_3834_sidx_8866_eps_0.0039.vnnlib,100
onnx/TinyImageNet_resnet_medium.onnx,vnnlib/TinyImageNet_resnet_medium_prop_idx_3018_sidx_1546_eps_0.0039.vnnlib,100
onnx/TinyImageNet_resnet_medium.onnx,vnnlib/TinyImageNet_resnet_medium_prop_idx_1578_sidx_7829_eps_0.0039.vnnlib,100
onnx/TinyImageNet_resnet_medium.onnx,vnnlib/TinyImageNet_resnet_medium_prop_idx_9419_sidx_9984_eps_0.0039.vnnlib,100
onnx/TinyImageNet_resnet_medium.onnx,vnnlib/TinyImageNet_resnet_medium_prop_idx_962_sidx_2870_eps_0.0039.vnnlib,100
onnx/TinyImageNet_resnet_medium.onnx,vnnlib/TinyImageNet_resnet_medium_prop_idx_336_sidx_2254_eps_0.0039.vnnlib,100
onnx/TinyImageNet_resnet_medium.onnx,vnnlib/TinyImageNet_resnet_medium_prop_idx_7187_sidx_4191_eps_0.0039.vnnlib,100
onnx/TinyImageNet_resnet_medium.onnx,vnnlib/TinyImageNet_resnet_medium_prop_idx_6471_sidx_5357_eps_0.0039.vnnlib,100
onnx/TinyImageNet_resnet_medium.onnx,vnnlib/TinyImageNet_resnet_medium_prop_idx_3115_sidx_671_eps_0.0039.vnnlib,100
onnx/TinyImageNet_resnet_medium.onnx,vnnlib/TinyImageNet_resnet_medium_prop_idx_2711_sidx_1466_eps_0.0039.vnnlib,100
onnx/TinyImageNet_resnet_medium.onnx,vnnlib/TinyImageNet_resnet_medium_prop_idx_1733_sidx_5415_eps_0.0039.vnnlib,100
onnx/TinyImageNet_resnet_medium.onnx,vnnlib/TinyImageNet_resnet_medium_prop_idx_1550_sidx_7671_eps_0.0039.vnnlib,100
onnx/TinyImageNet_resnet_medium.onnx,vnnlib/TinyImageNet_resnet_medium_prop_idx_3373_sidx_5926_eps_0.0039.vnnlib,100
onnx/TinyImageNet_resnet_medium.onnx,vnnlib/TinyImageNet_resnet_medium_prop_idx_1417_sidx_8632_eps_0.0039.vnnlib,100
onnx/TinyImageNet_resnet_medium.onnx,vnnlib/TinyImageNet_resnet_medium_prop_idx_9600_sidx_3536_eps_0.0039.vnnlib,100
onnx/TinyImageNet_resnet_medium.onnx,vnnlib/TinyImageNet_resnet_medium_prop_idx_4572_sidx_2108_eps_0.0039.vnnlib,100
onnx/TinyImageNet_resnet_medium.onnx,vnnlib/TinyImageNet_resnet_medium_prop_idx_2053_sidx_9323_eps_0.0039.vnnlib,100
onnx/TinyImageNet_resnet_medium.onnx,vnnlib/TinyImageNet_resnet_medium_prop_idx_6147_sidx_35_eps_0.0039.vnnlib,100
onnx/TinyImageNet_resnet_medium.onnx,vnnlib/TinyImageNet_resnet_medium_prop_idx_1986_sidx_9516_eps_0.0039.vnnlib,100
onnx/TinyImageNet_resnet_medium.onnx,vnnlib/TinyImageNet_resnet_medium_prop_idx_6755_sidx_2653_eps_0.0039.vnnlib,100
onnx/TinyImageNet_resnet_medium.onnx,vnnlib/TinyImageNet_resnet_medium_prop_idx_5982_sidx_4177_eps_0.0039.vnnlib,100
onnx/TinyImageNet_resnet_medium.onnx,vnnlib/TinyImageNet_resnet_medium_prop_idx_7193_sidx_3486_eps_0.0039.vnnlib,100
onnx/TinyImageNet_resnet_medium.onnx,vnnlib/TinyImageNet_resnet_medium_prop_idx_9013_sidx_9657_eps_0.0039.vnnlib,100
onnx/TinyImageNet_resnet_medium.onnx,vnnlib/TinyImageNet_resnet_medium_prop_idx_1058_sidx_5209_eps_0.0039.vnnlib,100
onnx/TinyImageNet_resnet_medium.onnx,vnnlib/TinyImageNet_resnet_medium_prop_idx_8186_sidx_1858_eps_0.0039.vnnlib,100
onnx/TinyImageNet_resnet_medium.onnx,vnnlib/TinyImageNet_resnet_medium_prop_idx_6628_sidx_8822_eps_0.0039.vnnlib,100
onnx/TinyImageNet_resnet_medium.onnx,vnnlib/TinyImageNet_resnet_medium_prop_idx_7078_sidx_5928_eps_0.0039.vnnlib,100
onnx/TinyImageNet_resnet_medium.onnx,vnnlib/TinyImageNet_resnet_medium_prop_idx_4945_sidx_4616_eps_0.0039.vnnlib,100
onnx/TinyImageNet_resnet_medium.onnx,vnnlib/TinyImageNet_resnet_medium_prop_idx_7575_sidx_6502_eps_0.0039.vnnlib,100
onnx/TinyImageNet_resnet_medium.onnx,vnnlib/TinyImageNet_resnet_medium_prop_idx_1175_sidx_7775_eps_0.0039.vnnlib,100
onnx/TinyImageNet_resnet_medium.onnx,vnnlib/TinyImageNet_resnet_medium_prop_idx_2212_sidx_6450_eps_0.0039.vnnlib,100
onnx/TinyImageNet_resnet_medium.onnx,vnnlib/TinyImageNet_resnet_medium_prop_idx_2159_sidx_9504_eps_0.0039.vnnlib,100
onnx/TinyImageNet_resnet_medium.onnx,vnnlib/TinyImageNet_resnet_medium_prop_idx_5440_sidx_1808_eps_0.0039.vnnlib,100
onnx/TinyImageNet_resnet_medium.onnx,vnnlib/TinyImageNet_resnet_medium_prop_idx_4086_sidx_4548_eps_0.0039.vnnlib,100
onnx/TinyImageNet_resnet_medium.onnx,vnnlib/TinyImageNet_resnet_medium_prop_idx_4057_sidx_8514_eps_0.0039.vnnlib,100
onnx/TinyImageNet_resnet_medium.onnx,vnnlib/TinyImageNet_resnet_medium_prop_idx_233_sidx_127_eps_0.0039.vnnlib,100
onnx/TinyImageNet_resnet_medium.onnx,vnnlib/TinyImageNet_resnet_medium_prop_idx_7583_sidx_4674_eps_0.0039.vnnlib,100
onnx/TinyImageNet_resnet_medium.onnx,vnnlib/TinyImageNet_resnet_medium_prop_idx_9595_sidx_2951_eps_0.0039.vnnlib,100
onnx/TinyImageNet_resnet_medium.onnx,vnnlib/TinyImageNet_resnet_medium_prop_idx_5232_sidx_8001_eps_0.0039.vnnlib,100
onnx/TinyImageNet_resnet_medium.onnx,vnnlib/TinyImageNet_resnet_medium_prop_idx_1411_sidx_3601_eps_0.0039.vnnlib,100
onnx/TinyImageNet_resnet_medium.onnx,vnnlib/TinyImageNet_resnet_medium_prop_idx_7209_sidx_9753_eps_0.0039.vnnlib,100
onnx/TinyImageNet_resnet_medium.onnx,vnnlib/TinyImageNet_resnet_medium_prop_idx_2820_sidx_1334_eps_0.0039.vnnlib,100
onnx/TinyImageNet_resnet_medium.onnx,vnnlib/TinyImageNet_resnet_medium_prop_idx_2908_sidx_3802_eps_0.0039.vnnlib,100
onnx/TinyImageNet_resnet_medium.onnx,vnnlib/TinyImageNet_resnet_medium_prop_idx_2483_sidx_173_eps_0.0039.vnnlib,100
onnx/TinyImageNet_resnet_medium.onnx,vnnlib/TinyImageNet_resnet_medium_prop_idx_2614_sidx_8153_eps_0.0039.vnnlib,100
onnx/TinyImageNet_resnet_medium.onnx,vnnlib/TinyImageNet_resnet_medium_prop_idx_5095_sidx_8655_eps_0.0039.vnnlib,100
onnx/TinyImageNet_resnet_medium.onnx,vnnlib/TinyImageNet_resnet_medium_prop_idx_1359_sidx_7221_eps_0.0039.vnnlib,100
onnx/TinyImageNet_resnet_medium.onnx,vnnlib/TinyImageNet_resnet_medium_prop_idx_321_sidx_2596_eps_0.0039.vnnlib,100
onnx/TinyImageNet_resnet_medium.onnx,vnnlib/TinyImageNet_resnet_medium_prop_idx_6228_sidx_7979_eps_0.0039.vnnlib,100
onnx/TinyImageNet_resnet_medium.onnx,vnnlib/TinyImageNet_resnet_medium_prop_idx_4709_sidx_8110_eps_0.0039.vnnlib,100
onnx/TinyImageNet_resnet_medium.onnx,vnnlib/TinyImageNet_resnet_medium_prop_idx_270_sidx_5414_eps_0.0039.vnnlib,100
onnx/TinyImageNet_resnet_medium.onnx,vnnlib/TinyImageNet_resnet_medium_prop_idx_7109_sidx_4074_eps_0.0039.vnnlib,100
onnx/TinyImageNet_resnet_medium.onnx,vnnlib/TinyImageNet_resnet_medium_prop_idx_782_sidx_6135_eps_0.0039.vnnlib,100
onnx/TinyImageNet_resnet_medium.onnx,vnnlib/TinyImageNet_resnet_medium_prop_idx_7564_sidx_5708_eps_0.0039.vnnlib,100
onnx/TinyImageNet_resnet_medium.onnx,vnnlib/TinyImageNet_resnet_medium_prop_idx_5591_sidx_6464_eps_0.0039.vnnlib,100
onnx/TinyImageNet_resnet_medium.onnx,vnnlib/TinyImageNet_resnet_medium_prop_idx_5673_sidx_6615_eps_0.0039.vnnlib,100
onnx/TinyImageNet_resnet_medium.onnx,vnnlib/TinyImageNet_resnet_medium_prop_idx_4726_sidx_5177_eps_0.0039.vnnlib,100
onnx/TinyImageNet_resnet_medium.onnx,vnnlib/TinyImageNet_resnet_medium_prop_idx_3798_sidx_3627_eps_0.0039.vnnlib,100
onnx/TinyImageNet_resnet_medium.onnx,vnnlib/TinyImageNet_resnet_medium_prop_idx_5216_sidx_9450_eps_0.0039.vnnlib,100
onnx/TinyImageNet_resnet_medium.onnx,vnnlib/TinyImageNet_resnet_medium_prop_idx_3437_sidx_2708_eps_0.0039.vnnlib,100
onnx/TinyImageNet_resnet_medium.onnx,vnnlib/TinyImageNet_resnet_medium_prop_idx_2448_sidx_6943_eps_0.0039.vnnlib,100
onnx/TinyImageNet_resnet_medium.onnx,vnnlib/TinyImageNet_resnet_medium_prop_idx_57_sidx_9858_eps_0.0039.vnnlib,100
onnx/TinyImageNet_resnet_medium.onnx,vnnlib/TinyImageNet_resnet_medium_prop_idx_7856_sidx_8402_eps_0.0039.vnnlib,100
onnx/TinyImageNet_resnet_medium.onnx,vnnlib/TinyImageNet_resnet_medium_prop_idx_1933_sidx_9361_eps_0.0039.vnnlib,100
onnx/TinyImageNet_resnet_medium.onnx,vnnlib/TinyImageNet_resnet_medium_prop_idx_6391_sidx_336_eps_0.0039.vnnlib,100
onnx/TinyImageNet_resnet_medium.onnx,vnnlib/TinyImageNet_resnet_medium_prop_idx_6397_sidx_4408_eps_0.0039.vnnlib,100
onnx/TinyImageNet_resnet_medium.onnx,vnnlib/TinyImageNet_resnet_medium_prop_idx_1923_sidx_9398_eps_0.0039.vnnlib,100
onnx/TinyImageNet_resnet_medium.onnx,vnnlib/TinyImageNet_resnet_medium_prop_idx_7709_sidx_8188_eps_0.0039.vnnlib,100
onnx/TinyImageNet_resnet_medium.onnx,vnnlib/TinyImageNet_resnet_medium_prop_idx_4087_sidx_6984_eps_0.0039.vnnlib,100
onnx/TinyImageNet_resnet_medium.onnx,vnnlib/TinyImageNet_resnet_medium_prop_idx_1527_sidx_2130_eps_0.0039.vnnlib,100
onnx/TinyImageNet_resnet_medium.onnx,vnnlib/TinyImageNet_resnet_medium_prop_idx_7946_sidx_1068_eps_0.0039.vnnlib,100
onnx/TinyImageNet_resnet_medium.onnx,vnnlib/TinyImageNet_resnet_medium_prop_idx_9871_sidx_3794_eps_0.0039.vnnlib,100
onnx/TinyImageNet_resnet_medium.onnx,vnnlib/TinyImageNet_resnet_medium_prop_idx_8524_sidx_7247_eps_0.0039.vnnlib,100
onnx/TinyImageNet_resnet_medium.onnx,vnnlib/TinyImageNet_resnet_medium_prop_idx_4213_sidx_1247_eps_0.0039.vnnlib,100
onnx/TinyImageNet_resnet_medium.onnx,vnnlib/TinyImageNet_resnet_medium_prop_idx_6412_sidx_6140_eps_0.0039.vnnlib,100
onnx/TinyImageNet_resnet_medium.onnx,vnnlib/TinyImageNet_resnet_medium_prop_idx_275_sidx_6332_eps_0.0039.vnnlib,100
onnx/TinyImageNet_resnet_medium.onnx,vnnlib/TinyImageNet_resnet_medium_prop_idx_484_sidx_161_eps_0.0039.vnnlib,100
onnx/TinyImageNet_resnet_medium.onnx,vnnlib/TinyImageNet_resnet_medium_prop_idx_3275_sidx_6624_eps_0.0039.vnnlib,100
onnx/TinyImageNet_resnet_medium.onnx,vnnlib/TinyImageNet_resnet_medium_prop_idx_6339_sidx_7609_eps_0.0039.vnnlib,100
onnx/TinyImageNet_resnet_medium.onnx,vnnlib/TinyImageNet_resnet_medium_prop_idx_4389_sidx_7059_eps_0.0039.vnnlib,100
onnx/TinyImageNet_resnet_medium.onnx,vnnlib/TinyImageNet_resnet_medium_prop_idx_6385_sidx_90_eps_0.0039.vnnlib,100
onnx/TinyImageNet_resnet_medium.onnx,vnnlib/TinyImageNet_resnet_medium_prop_idx_8680_sidx_7647_eps_0.0039.vnnlib,100
onnx/TinyImageNet_resnet_medium.onnx,vnnlib/TinyImageNet_resnet_medium_prop_idx_3452_sidx_862_eps_0.0039.vnnlib,100
onnx/TinyImageNet_resnet_medium.onnx,vnnlib/TinyImageNet_resnet_medium_prop_idx_5206_sidx_1932_eps_0.0039.vnnlib,100
onnx/TinyImageNet_resnet_medium.onnx,vnnlib/TinyImageNet_resnet_medium_prop_idx_9612_sidx_8923_eps_0.0039.vnnlib,100
onnx/TinyImageNet_resnet_medium.onnx,vnnlib/TinyImageNet_resnet_medium_prop_idx_6931_sidx_2337_eps_0.0039.vnnlib,100
onnx/TinyImageNet_resnet_medium.onnx,vnnlib/TinyImageNet_resnet_medium_prop_idx_1009_sidx_9780_eps_0.0039.vnnlib,100
onnx/TinyImageNet_resnet_medium.onnx,vnnlib/TinyImageNet_resnet_medium_prop_idx_2012_sidx_2419_eps_0.0039.vnnlib,100
onnx/TinyImageNet_resnet_medium.onnx,vnnlib/TinyImageNet_resnet_medium_prop_idx_8472_sidx_7499_eps_0.0039.vnnlib,100
onnx/TinyImageNet_resnet_medium.onnx,vnnlib/TinyImageNet_resnet_medium_prop_idx_1134_sidx_5880_eps_0.0039.vnnlib,100
onnx/TinyImageNet_resnet_medium.onnx,vnnlib/TinyImageNet_resnet_medium_prop_idx_1798_sidx_1061_eps_0.0039.vnnlib,100
onnx/TinyImageNet_resnet_medium.onnx,vnnlib/TinyImageNet_resnet_medium_prop_idx_971_sidx_4800_eps_0.0039.vnnlib,100
onnx/TinyImageNet_resnet_medium.onnx,vnnlib/TinyImageNet_resnet_medium_prop_idx_8043_sidx_500_eps_0.0039.vnnlib,100
onnx/TinyImageNet_resnet_medium.onnx,vnnlib/TinyImageNet_resnet_medium_prop_idx_8042_sidx_9227_eps_0.0039.vnnlib,100
onnx/TinyImageNet_resnet_medium.onnx,vnnlib/TinyImageNet_resnet_medium_prop_idx_6597_sidx_4088_eps_0.0039.vnnlib,100
onnx/TinyImageNet_resnet_medium.onnx,vnnlib/TinyImageNet_resnet_medium_prop_idx_6923_sidx_8593_eps_0.0039.vnnlib,100
onnx/TinyImageNet_resnet_medium.onnx,vnnlib/TinyImageNet_resnet_medium_prop_idx_9998_sidx_4182_eps_0.0039.vnnlib,100
onnx/TinyImageNet_resnet_medium.onnx,vnnlib/TinyImageNet_resnet_medium_prop_idx_5743_sidx_6569_eps_0.0039.vnnlib,100
onnx/TinyImageNet_resnet_medium.onnx,vnnlib/TinyImageNet_resnet_medium_prop_idx_5560_sidx_5477_eps_0.0039.vnnlib,100
onnx/TinyImageNet_resnet_medium.onnx,vnnlib/TinyImageNet_resnet_medium_prop_idx_3071_sidx_474_eps_0.0039.vnnlib,100
onnx/TinyImageNet_resnet_medium.onnx,vnnlib/TinyImageNet_resnet_medium_prop_idx_5676_sidx_9851_eps_0.0039.vnnlib,100
onnx/TinyImageNet_resnet_medium.onnx,vnnlib/TinyImageNet_resnet_medium_prop_idx_9345_sidx_6696_eps_0.0039.vnnlib,100
onnx/TinyImageNet_resnet_medium.onnx,vnnlib/TinyImageNet_resnet_medium_prop_idx_6379_sidx_4603_eps_0.0039.vnnlib,100
onnx/TinyImageNet_resnet_medium.onnx,vnnlib/TinyImageNet_resnet_medium_prop_idx_1514_sidx_2541_eps_0.0039.vnnlib,100
onnx/TinyImageNet_resnet_medium.onnx,vnnlib/TinyImageNet_resnet_medium_prop_idx_9483_sidx_7908_eps_0.0039.vnnlib,100
onnx/TinyImageNet_resnet_medium.onnx,vnnlib/TinyImageNet_resnet_medium_prop_idx_9417_sidx_5438_eps_0.0039.vnnlib,100
onnx/TinyImageNet_resnet_medium.onnx,vnnlib/TinyImageNet_resnet_medium_prop_idx_536_sidx_7699_eps_0.0039.vnnlib,100
onnx/TinyImageNet_resnet_medium.onnx,vnnlib/TinyImageNet_resnet_medium_prop_idx_4171_sidx_705_eps_0.0039.vnnlib,100
onnx/TinyImageNet_resnet_medium.onnx,vnnlib/TinyImageNet_resnet_medium_prop_idx_706_sidx_1037_eps_0.0039.vnnlib,100
onnx/TinyImageNet_resnet_medium.onnx,vnnlib/TinyImageNet_resnet_medium_prop_idx_4776_sidx_19_eps_0.0039.vnnlib,100
onnx/TinyImageNet_resnet_medium.onnx,vnnlib/TinyImageNet_resnet_medium_prop_idx_8288_sidx_307_eps_0.0039.vnnlib,100
onnx/TinyImageNet_resnet_medium.onnx,vnnlib/TinyImageNet_resnet_medium_prop_idx_4789_sidx_8239_eps_0.0039.vnnlib,100
onnx/TinyImageNet_resnet_medium.onnx,vnnlib/TinyImageNet_resnet_medium_prop_idx_2763_sidx_5006_eps_0.0039.vnnlib,100
onnx/TinyImageNet_resnet_medium.onnx,vnnlib/TinyImageNet_resnet_medium_prop_idx_1760_sidx_899_eps_0.0039.vnnlib,100
onnx/TinyImageNet_resnet_medium.onnx,vnnlib/TinyImageNet_resnet_medium_prop_idx_4407_sidx_4717_eps_0.0039.vnnlib,100
onnx/TinyImageNet_resnet_medium.onnx,vnnlib/TinyImageNet_resnet_medium_prop_idx_568_sidx_8816_eps_0.0039.vnnlib,100
onnx/TinyImageNet_resnet_medium.onnx,vnnlib/TinyImageNet_resnet_medium_prop_idx_1093_sidx_4490_eps_0.0039.vnnlib,100
onnx/TinyImageNet_resnet_medium.onnx,vnnlib/TinyImageNet_resnet_medium_prop_idx_1853_sidx_6533_eps_0.0039.vnnlib,100
onnx/TinyImageNet_resnet_medium.onnx,vnnlib/TinyImageNet_resnet_medium_prop_idx_7834_sidx_9391_eps_0.0039.vnnlib,100
onnx/TinyImageNet_resnet_medium.onnx,vnnlib/TinyImageNet_resnet_medium_prop_idx_2936_sidx_7810_eps_0.0039.vnnlib,100
onnx/TinyImageNet_resnet_medium.onnx,vnnlib/TinyImageNet_resnet_medium_prop_idx_4686_sidx_8792_eps_0.0039.vnnlib,100
onnx/TinyImageNet_resnet_medium.onnx,vnnlib/TinyImageNet_resnet_medium_prop_idx_6077_sidx_9485_eps_0.0039.vnnlib,100
onnx/TinyImageNet_resnet_medium.onnx,vnnlib/TinyImageNet_resnet_medium_prop_idx_8170_sidx_3334_eps_0.0039.vnnlib,100
onnx/TinyImageNet_resnet_medium.onnx,vnnlib/TinyImageNet_resnet_medium_prop_idx_2823_sidx_3967_eps_0.0039.vnnlib,100
